192	ANIME	LOADING ML X JUJUTSU KAISEN SIMPLE	http://www.mediafire.com/file/28nqwblkf8hdvgp/LOADING_ML_X_JUJUTSU_SIMPLE.zip
489	TIKTOK	🔥SISSALSA BU GURU Viral	https://github.com/bangzvl/BACKGROUND-NEW-ML/blob/0d0f6de5788bce8f8f3addb4c5e37f5ebcb08290/SISSALSA%20BCK.zip
456	SPORT	MLBB X YUPI 	https://github.com/bangzvl/BACKGROUND-NEW-ML/blob/19cd328a5bb5a16be8d223a06541833ac1e860a0/MLBB%20X%20YUPI.zip
472	TIKTOK	CYNTHIA GILAK BERDAMAGE	https://github.com/bangzvl/BACKGROUND-NEW-ML/blob/29de4d2f4c8c8b8b7450e6367512b9f2f596c81b/CYNTHIA.zip
480	TIKTOK	🔥CHEZZ VIRAL BUAT KMU	https://github.com/bangzvl/BACKGROUND-NEW-ML/blob/2ce2316e63e38ee1882729b65af1bfdb9ac9d120/CHEZZ.zip
461	TIKTOK	🔥DUH DOUYIN YANG SATU INI	https://github.com/bangzvl/BACKGROUND-NEW-ML/blob/5ac71acd164a9b0f524f59b79fa3ad5ed8c795fe/DOUYIN.zip
471	TIKTOK	ZEE JKT48 Gila Mirip Bngt Orang Korea	https://github.com/bangzvl/BACKGROUND-NEW-ML/blob/69138da6f8e0781dbd4f29cd408f19df718acc56/ZEE%20JKT48.zip
483	TIKTOK	🔥NONCAKEIT jadikan cuy	https://github.com/bangzvl/BACKGROUND-NEW-ML/blob/743721999d9c3580ce8dff90108ea785b585b8c5/NONCAKEIT.zip
462	GAME	HUTAO GENSHIN IMPACT	https://github.com/bangzvl/BACKGROUND-NEW-ML/blob/813b8571fe2020b3439bd619319fee5a3781fcdf/HUTAO%20GENSHIN%20IMPACT.zip
491	TIKTOK	Uyy Cocok bngt buat Background ML X WARINNASIRI	https://github.com/bangzvl/BACKGROUND-NEW-ML/blob/9772e45fef7b2ea41b368bf3cbbe79b8c4c81c4b/BACK%20WARINNASIRI.zip
459	TIKTOK	CEWEK SUNDANESE EUYY	https://github.com/bangzvl/BACKGROUND-NEW-ML/blob/9d61e6b51eb183f87ee7d70b8519d25ac8058be1/CEWEK%20SUNDANESE.zip
465	TIKTOK	NAYA CANTIK Langsung accin ya	https://github.com/bangzvl/BACKGROUND-NEW-ML/blob/a1629e510b8ba4ab224d98d1d83a18b46cc04636/NAYACANTIK.zip
475	TIKTOK	🔥EUNBI TERHUTT CUY	https://github.com/bangzvl/BACKGROUND-NEW-ML/blob/ac2aa21bad29e2cef93f462e81c4cec8f5d2848d/EUNBI.zip
464	TIKTOK	KARINA Body Gloss waw	https://github.com/bangzvl/BACKGROUND-NEW-ML/blob/ace4ca432662a68ad7eadad018e5f1a9253b51a8/KARINA%20BODY%20GLOSS%20WOW.zip
487	TIKTOK	🔥Niyaaay Background	https://github.com/bangzvl/BACKGROUND-NEW-ML/blob/cb0b0427263cb79bbac2736a882bdb8711c3db43/Niyaaay.zip
500	TIKTOK	Background SAYLVIEE Style mantep nih	https://github.com/bangzvl/BACKGROUND-NEW-ML/blob/d15889d0bf35943ba717998289e62eae51174231/MLBB%20X%20SALVYEE.zip
493	ANIME	 Backround Loli Imut Viral Tiktok	https://github.com/bangzvl/BACKGROUND-NEW-ML/blob/d99a1959281b1446965186e8d15e00bccb4ffcbc/3%20Loli%20viral%20tiktok.zip
478	TIKTOK	🔥BOCIL EUNBI LOADING SCREEN	https://github.com/bangzvl/BACKGROUND-NEW-ML/blob/dd386b1fcb509a2ea99c21fc0a724f6587daf14f/BOCIL%20EUNBI.zip
495	TIKTOK	🔥AYU PUSPA TREND TikTok sekarang nih	https://github.com/bangzvl/BACKGROUND-NEW-ML/blob/de4683fa678064a06f83f4a63ce46e8a0cdaf0ab/BACKG%20PUSPA%20DEWI.zip
485	TIKTOK	🔥SYAXILAA sekarang 	https://github.com/bangzvl/BACKGROUND-NEW-ML/blob/ef807456f70e24a44b69f4b7ddc2d8044997c05e/SYAXILAA.zip
463	TIKTOK	HANOVO Mulus bet ya	https://github.com/bangzvl/BACKGROUND-NEW-ML/blob/f8cd07197680dbb4110b6d715fe93a65a0ead348/HANOVO.zip
460	ANIME	ITACHI RED EYE	https://github.com/bangzvl/BACKGROUND-NEW-ML/blob/fb4cb05f4f29c28e90f9b2f057f4c95f74b96c16/ITACHI.zip
451	HD_4K	LAMBORGINI	https://github.com/bangzvl/BACKGROUND-NEW-ML/blob/main/BACKGROUND%20LAMBORGINI.zip
470	TIKTOK	DJ EST CE QUE TU M’AIMES	https://github.com/bangzvl/BACKSOUND/blob/1578020236b28f4d344332c485b8b88fc68448c8/ROSE%CC%81%20%20Bruno%20Mars%20-%20APT.zip
469	TIKTOK	DJ APT KOPLO Viral Tiktok	https://github.com/bangzvl/BACKSOUND/blob/4c5ba930c5f209cbe89095e4d0036717f971611c/Rammstein%20-%20Sonne%20%5BSLOWED%5D%20Best%20Part.zip
476	TIKTOK	DJ wenabest x lost control	https://github.com/bangzvl/BACKSOUND/blob/6d15c2051d24de653500b2ba679fd4862d6482a5/DJ%20melody%20wenabest%20x%20lost%20control.zip
466	TIKTOK	Rammstein - Sonne [SLOWED]	https://github.com/bangzvl/BACKSOUND/blob/83ed6a0791e1780c4c98333a25cad1334fffae0a/FUNK%20DO%20BOUNCE%20Slowed.zip
455	TIKTOK	Skyfall x Attack on Titan	https://github.com/bangzvl/BACKSOUND/blob/a229ed878fca3a6ba445a28538af50697f83d7ad/Skyfall%20x%20Attack%20On%20Titan.zip
481	TIKTOK	DJ Terena Mette X Alone	https://github.com/bangzvl/BACKSOUND/blob/a8a026f8a8f6ef5eb54376f9dfb897def3dcf2cb/DJ%20TERENA%20METTE%20X%20ALONE.zip
454	TIKTOK	DJ Hilang Harapan	https://github.com/bangzvl/BACKSOUND/blob/b3c2f2c44fabde0561d31d98aebc7552705dc42f/DJ%20HILANG%20HARAPAN.zip
498	TIKTOK	DJ RIndu Aku Rindu Kamu	https://github.com/bangzvl/BACKSOUND/blob/e0112abcdaf90f3495a79dd69c95d510dca3d991/DJ%20RINDU%20AKU%20RINDU%20KAMU.zip
468	TIKTOK	FUNK DO BOUNCE (Slowed)	https://github.com/bangzvl/BACKSOUND/blob/e3fe8600522be78576c063736d98d43d648e3f06/DJ%20EST%20CE%20QUE%20TU%20M%E2%80%99AIMES%20X%20DIMANA%20HATIMU%20SLOW%20VIRAL%20TIKTOK%20FULL%20SONG%20MAMAN%20FVNDY_33.zip
467	TIKTOK	ROSÉ & Bruno Mars - APT	https://github.com/bangzvl/BACKSOUND/blob/fa1a92c494600354888e60bfbac587b21edc0b0c/DJ%20APT%20KOPLO%20ROSE%20%20BRUNO%20MARS%20VIRAL%20TIK%20TOK%20TERBARU%202024%20(2).zip
269	TIKTOK	ANAIMIYA X MLBB YTT AJA TIKTOK VIRAL	https://github.com/bangzvl/Data-INTRO-TERBARU/blob/dfdbb9113573eacdaddafbde9d77765cad172d2e/ANAIMIYA%20X%20MLBB%20YTT%20AJA.zip
271	TIKTOK	MLBB X DALAMO VERSI ELAINA	https://github.com/bangzvl/Data-INTRO-TERBARU/blob/dfdbb9113573eacdaddafbde9d77765cad172d2e/DALAMO%20VERSI%20ELAINA.zip
272	ANIME	MLBB X DALAMO VERSI POWER TREND TIKTOK	https://github.com/bangzvl/Data-INTRO-TERBARU/blob/dfdbb9113573eacdaddafbde9d77765cad172d2e/DALAMO%20VERSI%20POWER%20TREND%20TIKTOK%20%F0%9F%94%A5.zip
273	HERO	MLBB X JOY NEW HERO	https://github.com/bangzvl/Data-INTRO-TERBARU/blob/dfdbb9113573eacdaddafbde9d77765cad172d2e/LOADING%20ML%20HERO%20JOY.zip
251	HD_4K	MLBB X ASPIRANTS RUBY & ANGELA HD	https://github.com/bangzvl/Data-INTRO-TERBARU/blob/dfdbb9113573eacdaddafbde9d77765cad172d2e/MLBB%20X%20ASPIRANTS%20RUBY%20&%20ANGELA.zip
275	ANIME	MLBB X BLEACH NEW ERA	https://github.com/bangzvl/Data-INTRO-TERBARU/blob/dfdbb9113573eacdaddafbde9d77765cad172d2e/MLBB%20X%20BLEACH%20NEW.zip
276	ANIME	MLBB X ROAD OF NARUTO	https://github.com/bangzvl/Data-INTRO-TERBARU/blob/dfdbb9113573eacdaddafbde9d77765cad172d2e/MLBB%20X%20ROAD%20OF%20NARUTO.zip
274	ANIME	MLBB X ALL ANIME IS TOO CRAZY	https://github.com/bangzvl/Data-INTRO-TERBARU/blob/dfdbb9113573eacdaddafbde9d77765cad172d2e/MLBB%20X%20all%20anime%20is%20too%20crazy.zip
216	HD_4K	MLBB X NARUTO SO THIS YOUR DREAM NARUTO UZUMAKI HD	https://github.com/bangzvl/Data-INTRO-TERBARU/blob/dfdbb9113573eacdaddafbde9d77765cad172d2e/NARUTO%2017122022.zip
278	TIKTOK	MLBB X NOT NOT THE BEST	https://github.com/bangzvl/Data-INTRO-TERBARU/blob/dfdbb9113573eacdaddafbde9d77765cad172d2e/NOTNOT%20X%20MLBB%20THE%20BEST.zip
279	TIKTOK	MLBB X SEEU WORLD CUP 2022	https://github.com/bangzvl/Data-INTRO-TERBARU/blob/dfdbb9113573eacdaddafbde9d77765cad172d2e/SEEU%20WORLDCUP.zip
285	HD_4K	TIME OF EVE ANIME NEW 4K	https://github.com/bangzvl/Data-INTRO-TERBARU/blob/dfdbb9113573eacdaddafbde9d77765cad172d2e/TIME%20OF%20EVE%20ANIME.zip
280	ANIME	MLBB X TOKYO GHOUL NEW	https://github.com/bangzvl/Data-INTRO-TERBARU/blob/dfdbb9113573eacdaddafbde9d77765cad172d2e/TOKYO%20GHOUL%20NEW.zip
309	ANIME	🔥BORUTO X KAWAKI LAST EPS MENGKECE	https://github.com/bangzvl/Data-ML-X-ANIME/blob/000484204906fb5faae2329d5945e600040164f5/BORUTO%20LAST%20EPS.zip
492	ANIME	3 Loli IMut Viral Tiktok Animation	https://github.com/bangzvl/Data-ML-X-ANIME/blob/016d17869b656da4760463846c6c3dcda06a63e4/3%20Loli%20viral%20Tiktok.zip
308	ANIME	🔥TENSURA SLIME THE MOVIE	https://github.com/bangzvl/Data-ML-X-ANIME/blob/05b9b280c46e0b93cd9830f70a4da36d8b698726/TENSURA%20MOVIE.zip
302	ANIME	🔥ATTACK ON TITAN HANGE SHINZOU SASAGEO	https://github.com/bangzvl/Data-ML-X-ANIME/blob/0d3c1ab1823b3c541a0272a1086a717c1b1f09d5/AOT%20HANGE%20SHINZOU%20SASAGEO.zip
401	ANIME	🔥LUFFY VS LUCCI KUCING MASIH KECIL JUGA	https://github.com/bangzvl/Data-ML-X-ANIME/blob/17b524ba73b5a117d5a783c489db8c5d81116b25/GEAR%205%20COMEBACK.zip
307	HD_4K	🔥BORUTO VS KAWAKI BEST BATTLE HD	https://github.com/bangzvl/Data-ML-X-ANIME/blob/223c0195146f5148558314a0421f1d753bad9a75/BORUTO%20VS%20KAWAKI.zip
427	ANIME	🔥YUKISUOU BAKA-BAKA	https://github.com/bangzvl/Data-ML-X-ANIME/blob/2b6070ffa2860824d7203a8ef6dbe1484ec66af0/YUKISUOU%20BAKA-BAKA.zip
320	HD_4K	🔥 KIMETSU NO YAIBA S3 TITISAN BAPAKNYA NIH	https://github.com/bangzvl/Data-ML-X-ANIME/blob/3ca333075c6120124ecfb4473538b755e8644bba/ML%20X%20Demon%20slayer%20S3.zip
277	ANIME	MLBB X GO TOUBUN NOHANAYOME	https://github.com/bangzvl/Data-ML-X-ANIME/blob/4053babda76bd08b5943ab725a84c923321c1ad1/MLBB%20X%20GO%20TOUBUN%20NO%20HANAYOME.zip
339	ANIME	🔥ML X GEAR FIVE (ONE PIECE)	https://github.com/bangzvl/Data-ML-X-ANIME/blob/4b7398d1364782c9a2e3ec2bf3ee0142d61ca59e/ML%20X%20GEAR%20FIVE.zip
434	ANIME	🔥HONEYPIE! BEJIR FYP TERUS	https://github.com/bangzvl/Data-ML-X-ANIME/blob/559b98104b59ad0da529b7b235c85681ca9ed8e5/HONEYPIE%20X%20MLBB.zip
350	ANIME	🔥KAGURABACHI X MLBB	https://github.com/bangzvl/Data-ML-X-ANIME/blob/633e765b95a684716190996e79f7893cd084c1ae/KAGURABACHI%20X%20MLBB.zip
335	ANIME	🔥JUJUTSU KAISEN S2 TERBARU AKHIRNYA RILIS JUGA GOJO	https://github.com/bangzvl/Data-ML-X-ANIME/blob/7497e5fc80cec44ed0a673b58214ec3079cf7b28/Jujutsu%20Kaisen%20S2%20X%20ML.zip
440	ANIME	🔥JUJUTSU KAISEN NEW EDIT	https://github.com/bangzvl/Data-ML-X-ANIME/blob/77ee2c980036fad58923485f8e22d00bc6f86707/JJK%20EDIT.zip
332	ANIME	🔥ML X BLACK CLOVER V2 ININIH YANG KERENMAH	https://github.com/bangzvl/Data-ML-X-ANIME/blob/78752c93a9407197b288f676038be493c195d83c/ML%20X%20BLACK%20CLOVER%20V2%20TERBARU.zip
352	ANIME	🔥AOT FINAL SEASON (THE END)	https://github.com/bangzvl/Data-ML-X-ANIME/blob/83564e1895de21e2a560a233f6f7be6ade04efc9/MLBB%20X%20AOT%20FINAL.zip
310	ANIME	🔥DEMON SLAYER NEW STYLE	https://github.com/bangzvl/Data-ML-X-ANIME/blob/85b58d8315e87805811fa6a5357c412db5b0fc62/ML%20X%20DEMON%20SLAYER%20NEW%20STYLE.zip
333	ANIME	🔥ML X KIMETSU NO YAIBA NEZUKO EPS 11 BIKIN MEWEK	https://github.com/bangzvl/Data-ML-X-ANIME/blob/88122734d103f7dc037f30a9e5d4cb9812e294a3/ML%20X%20KIMETSU%20NO%20YAIBA%20NEZUKO%20BERSUARA.zip
353	ANIME	🔥JUJUTSU KAISEN BADDAS TERBARU	https://github.com/bangzvl/Data-ML-X-ANIME/blob/931b01c6e964e4418f25c743fd23aab1602421e2/FIRE%20JUJUTSU%20KAISEN%20X%20MLBB.zip
358	ANIME	🔥JUJUTSU KAISEN BESTO FRENDO	https://github.com/bangzvl/Data-ML-X-ANIME/blob/a0b057609203073406936bbd12a809e2eb811791/JUJUTSU%20KAISEN%203.zip
331	ANIME	🔥BLACK CLOVER: SWORD OF THE WIZARD KING (2023)	https://github.com/bangzvl/Data-ML-X-ANIME/blob/afcbcf4955ca61779d61a845c3257c474df5b6ec/ML%20X%20BLACK%20CLOVER%20sword%20of%20the%20wizard%20king.zip
340	ANIME	🔥ML X ONEPIECE GEAR FIVE VERSI 2	https://github.com/bangzvl/Data-ML-X-ANIME/blob/b53d98635042da0d9eb6dc54e946349c3b3d29d1/ML%20X%20GEAR%20FIVE%20V2.zip
314	ANIME	🔥OSHI NO KO X ML PROLOG YANG SAD	https://github.com/bangzvl/Data-ML-X-ANIME/blob/be28ced9e5e7489ce60d8adb0376dde6fc711341/Oshi%20no%20ko%20x%20mlbb.zip
419	ANIME	🔥SHIKANOKO NOKONOKO KOSHITANTAN	https://github.com/bangzvl/Data-ML-X-ANIME/blob/cefddeff974910a3eb9c887d91fac39be64e6fdf/SHIKANOKO%20NOKONO%20KONKON.zip
343	ANIME	🔥JUJUSTU KAISEN SHIBUYA ARC TERBARU ANJAI TANTANGAN BARU NI	https://github.com/bangzvl/Data-ML-X-ANIME/blob/e430bde7292f5653d665488e16c73f567b2c070c/JUJUTSU%20KAISEN%20SHIBUYA%20ARC.zip
282	ANIME	4 ANIME X MLBB GLOW	https://github.com/bangzvl/Data-ML-X-ANIME/blob/ec790583d35f581c2bb1b7d0340ec12bf264fc3a/4%20ANIME%20GLOW.zip
133	ANIME	AKEBI NO SAILOR X MLBB	https://github.com/bangzvl/Data-ML-X-ANIME/blob/ec790583d35f581c2bb1b7d0340ec12bf264fc3a/AKEBI%20NO%20SAILOR%20X%20MLBB.zip
11	HD_4K	ANIME X MLBB SCENARY	https://github.com/bangzvl/Data-ML-X-ANIME/blob/ec790583d35f581c2bb1b7d0340ec12bf264fc3a/ANIME%20SCENERY.zip
110	HD_4K	ATTACK ON TITAN X JUJUTSU KAISEN	https://github.com/bangzvl/Data-ML-X-ANIME/blob/ec790583d35f581c2bb1b7d0340ec12bf264fc3a/AOT%20X%20JJK.zip
7	ANIME	ALL COSPLAY REM X MLBB TIKTOK	https://github.com/bangzvl/Data-ML-X-ANIME/blob/ec790583d35f581c2bb1b7d0340ec12bf264fc3a/ARA%20ARA%20COS%5BLAY%20REM%20X%20MLBB.zip
4	ANIME	ALL ANIME X NEW BASS	https://github.com/bangzvl/Data-ML-X-ANIME/blob/ec790583d35f581c2bb1b7d0340ec12bf264fc3a/All%20anime%20bass.zip
87	HD_4K	LOADING ML X ANIME COOL	https://github.com/bangzvl/Data-ML-X-ANIME/blob/ec790583d35f581c2bb1b7d0340ec12bf264fc3a/Anime%20COOL.zip
99	ANIME	ANIME MIX X MLBB	https://github.com/bangzvl/Data-ML-X-ANIME/blob/ec790583d35f581c2bb1b7d0340ec12bf264fc3a/Anime%20MIX.zip
66	ANIME	BORUTO X NARUTO MLBB	https://github.com/bangzvl/Data-ML-X-ANIME/blob/ec790583d35f581c2bb1b7d0340ec12bf264fc3a/BORUTO%20X%20NARUTO.zip
189	ANIME	CICAK X ORANGE	https://github.com/bangzvl/Data-ML-X-ANIME/blob/ec790583d35f581c2bb1b7d0340ec12bf264fc3a/CICAK%20x%20ORANGE-7.zip
23	ANIME	DEMON SLAYER X MLBB Spill the Galaxy	https://github.com/bangzvl/Data-ML-X-ANIME/blob/ec790583d35f581c2bb1b7d0340ec12bf264fc3a/DEMON%20SLAYER%20X%20MLBB.zip
191	ANIME	HATSUNE MIKU X MLBB	https://github.com/bangzvl/Data-ML-X-ANIME/blob/ec790583d35f581c2bb1b7d0340ec12bf264fc3a/HATSUNE%20MIKU%20X%20MLBB.zip
74	HD_4K	JUJUTSU KAISEN SPIL THE GALAXY	https://github.com/bangzvl/Data-ML-X-ANIME/blob/ec790583d35f581c2bb1b7d0340ec12bf264fc3a/JJK%20SPIL%20THE%20GALAXY.zip
93	ANIME	MLBB X KURUMI BLACK & WHITE	https://github.com/bangzvl/Data-ML-X-ANIME/blob/ec790583d35f581c2bb1b7d0340ec12bf264fc3a/KURUMI%20BLACK%20&%20WHITE.zip
135	ANIME	ML X ANIME CHAINSAW MAN	https://github.com/bangzvl/Data-ML-X-ANIME/blob/ec790583d35f581c2bb1b7d0340ec12bf264fc3a/LOADING%20SCREEN%20ML%20X%20ANIME%20NEW.zip
94	TIKTOK	MLBB X LOLICON STYLE VIRAL TIKTOK	https://github.com/bangzvl/Data-ML-X-ANIME/blob/ec790583d35f581c2bb1b7d0340ec12bf264fc3a/LOLICON%20STYLE.zip
33	ANIME	AKAME GA KILL X MLBB	https://github.com/bangzvl/Data-ML-X-ANIME/blob/ec790583d35f581c2bb1b7d0340ec12bf264fc3a/ML%20X%20AKAME%20GAKILL.zip
249	ANIME	INTRO ML X AOT	https://github.com/bangzvl/Data-ML-X-ANIME/blob/ec790583d35f581c2bb1b7d0340ec12bf264fc3a/ML%20X%20AOT.zip
168	ANIME	ML X BLACK CLOVER	https://github.com/bangzvl/Data-ML-X-ANIME/blob/ec790583d35f581c2bb1b7d0340ec12bf264fc3a/ML%20X%20BLACK%20KLOVER.zip
21	ANIME	MLBB X CHAINSAWMAN V2	https://github.com/bangzvl/Data-ML-X-ANIME/blob/ec790583d35f581c2bb1b7d0340ec12bf264fc3a/ML%20X%20CHAINSAWMANN.zip
46	ANIME	INTRO DARLING IN THE FRANX	https://github.com/bangzvl/Data-ML-X-ANIME/blob/ec790583d35f581c2bb1b7d0340ec12bf264fc3a/ML%20X%20DARLINK%20IN%20THE.zip
55	ANIME	MLBB X HIGH SCHOOL DXD	https://github.com/bangzvl/Data-ML-X-ANIME/blob/ec790583d35f581c2bb1b7d0340ec12bf264fc3a/ML%20X%20DXD.zip
183	ANIME	MLBB X EDENS ZERO	https://github.com/bangzvl/Data-ML-X-ANIME/blob/ec790583d35f581c2bb1b7d0340ec12bf264fc3a/ML%20X%20EDENZERO.zip
51	ANIME	ML X FAIRY TAIL	https://github.com/bangzvl/Data-ML-X-ANIME/blob/ec790583d35f581c2bb1b7d0340ec12bf264fc3a/ML%20X%20FAIRY%20TAIL.zip
54	ANIME	INTRO FIRE FORCE	https://github.com/bangzvl/Data-ML-X-ANIME/blob/ec790583d35f581c2bb1b7d0340ec12bf264fc3a/ML%20X%20FIRE%20FORCE.zip
57	ANIME	MLBB X KIMI NO NAWA	https://github.com/bangzvl/Data-ML-X-ANIME/blob/ec790583d35f581c2bb1b7d0340ec12bf264fc3a/ML%20X%20KIMI%20NO%20NWA.zip
194	ANIME	MLBB X NANATSU NO TAIZAI	https://github.com/bangzvl/Data-ML-X-ANIME/blob/ec790583d35f581c2bb1b7d0340ec12bf264fc3a/ML%20X%20NANATSU.zip
67	ANIME	MLBB X NORAGAMI	https://github.com/bangzvl/Data-ML-X-ANIME/blob/ec790583d35f581c2bb1b7d0340ec12bf264fc3a/ML%20X%20NAROGAMI.zip
195	ANIME	MLBB X OWARI NO SERAPH	https://github.com/bangzvl/Data-ML-X-ANIME/blob/ec790583d35f581c2bb1b7d0340ec12bf264fc3a/ML%20X%20OWARI%20NO%20SERAPH.zip
71	ANIME	INTRO TATE NO YUUSHA X MLBB	https://github.com/bangzvl/Data-ML-X-ANIME/blob/ec790583d35f581c2bb1b7d0340ec12bf264fc3a/ML%20X%20TATENO.zip
196	ANIME	ML X RE ZERO REM	https://github.com/bangzvl/Data-ML-X-ANIME/blob/ec790583d35f581c2bb1b7d0340ec12bf264fc3a/ML%20X%20ZERO.zip
174	ANIME	MLBB X ALL ANIME VERSI II	https://github.com/bangzvl/Data-ML-X-ANIME/blob/ec790583d35f581c2bb1b7d0340ec12bf264fc3a/MLBB%20X%20ALL%20ANIME%20V2.zip
59	ANIME	INTRO ML X  CHUUNIBYOU	https://github.com/bangzvl/Data-ML-X-ANIME/blob/ec790583d35f581c2bb1b7d0340ec12bf264fc3a/MLBB%20X%20CHYUNEBYUU.zip
60	ANIME	LOADING MLBB X DR STONE	https://github.com/bangzvl/Data-ML-X-ANIME/blob/ec790583d35f581c2bb1b7d0340ec12bf264fc3a/MLBB%20X%20DRSTONE.zip
19	ANIME	MLBB X FATE INTRO	https://github.com/bangzvl/Data-ML-X-ANIME/blob/ec790583d35f581c2bb1b7d0340ec12bf264fc3a/MLBB%20X%20FATE.zip
198	ANIME	MLBB X HAIKYUU	https://github.com/bangzvl/Data-ML-X-ANIME/blob/ec790583d35f581c2bb1b7d0340ec12bf264fc3a/MLBB%20X%20HAIKYUU.zip
92	ANIME	MLBB X JUJUTSU KAISEN NEW VERSION	https://github.com/bangzvl/Data-ML-X-ANIME/blob/ec790583d35f581c2bb1b7d0340ec12bf264fc3a/MLBB%20X%20JJK.zip
79	ANIME	KAGUYASAMA X MLBB	https://github.com/bangzvl/Data-ML-X-ANIME/blob/ec790583d35f581c2bb1b7d0340ec12bf264fc3a/MLBB%20X%20KAGUYA%20SAMA.zip
200	ANIME	MLBB X KIMETSU NO YAIBA S 1	https://github.com/bangzvl/Data-ML-X-ANIME/blob/ec790583d35f581c2bb1b7d0340ec12bf264fc3a/MLBB%20X%20KNY.zip
283	ANIME	MLBB X KOBENI CHAINSAW MAN	https://github.com/bangzvl/Data-ML-X-ANIME/blob/ec790583d35f581c2bb1b7d0340ec12bf264fc3a/MLBB%20X%20KOBENI%20CHAINSAW%20MAN.zip
95	ANIME	LOADING ML X LYCORIS RECOIL	https://github.com/bangzvl/Data-ML-X-ANIME/blob/ec790583d35f581c2bb1b7d0340ec12bf264fc3a/MLBB%20X%20LYCORIST.zip
202	ANIME	MLBB X RORONOA ZORO ONE PIECE	https://github.com/bangzvl/Data-ML-X-ANIME/blob/ec790583d35f581c2bb1b7d0340ec12bf264fc3a/MLBB%20X%20RORONOA%20ZORO.zip
62	ANIME	MLBB X WEISSCHNEE (WRBY)	https://github.com/bangzvl/Data-ML-X-ANIME/blob/ec790583d35f581c2bb1b7d0340ec12bf264fc3a/MLBB%20X%20WRWB.zip
20	ANIME	MLBB X CHAINSAWMAN V1	https://github.com/bangzvl/Data-ML-X-ANIME/blob/ec790583d35f581c2bb1b7d0340ec12bf264fc3a/MLBB%20XCHAINSAWMAN%20V1.zip
197	ANIME	ALL ANIME X MLBB LATES	https://github.com/bangzvl/Data-ML-X-ANIME/blob/ec790583d35f581c2bb1b7d0340ec12bf264fc3a/MLBB%20x%20ANIME%20SMILE.zip
58	ANIME	MLBB X MIKU NAKANO	https://github.com/bangzvl/Data-ML-X-ANIME/blob/ec790583d35f581c2bb1b7d0340ec12bf264fc3a/MLBBX%20MIKU%20NAKANO.zip
153	ANIME	ML X NERO BLACK CLOVER	https://github.com/bangzvl/Data-ML-X-ANIME/blob/ec790583d35f581c2bb1b7d0340ec12bf264fc3a/MLBBX%20NERO.zip
113	HD_4K	MLBB X ALL ANIME TERBARU	https://github.com/bangzvl/Data-ML-X-ANIME/blob/ec790583d35f581c2bb1b7d0340ec12bf264fc3a/NEW%20ANIME%20x%20MLBB.zip
212	ANIME	MLBB X ONEPIECE BIGMOM	https://github.com/bangzvl/Data-ML-X-ANIME/blob/ec790583d35f581c2bb1b7d0340ec12bf264fc3a/ONE%20PIECE%20X%20MLBB%20BIGMOM.zip
209	ANIME	RED EYE ANIME	https://github.com/bangzvl/Data-ML-X-ANIME/blob/ec790583d35f581c2bb1b7d0340ec12bf264fc3a/RED%20EYE%20ANIME.zip
211	ANIME	THE EYES ANIME X MLBB	https://github.com/bangzvl/Data-ML-X-ANIME/blob/ec790583d35f581c2bb1b7d0340ec12bf264fc3a/The%20Eyes%20Anime%20MLBB.zip
213	ANIME	MLBB X WAIFU ANIME	https://github.com/bangzvl/Data-ML-X-ANIME/blob/ec790583d35f581c2bb1b7d0340ec12bf264fc3a/WAIFU%20XML.zip
214	ANIME	ZEROZUTSU	https://github.com/bangzvl/Data-ML-X-ANIME/blob/ec790583d35f581c2bb1b7d0340ec12bf264fc3a/ZEROZUTSU.zip
3	ANIME	ALL ANIME WAR OF CHANGE	https://github.com/bangzvl/Data-ML-X-ANIME/blob/ec790583d35f581c2bb1b7d0340ec12bf264fc3a/all%20anime%20of%20change.zip
85	HD_4K	MOBILE LEGENDS X ALL ANIME 2022	https://github.com/bangzvl/Data-ML-X-ANIME/blob/ec790583d35f581c2bb1b7d0340ec12bf264fc3a/all%20anime%20x%20mlbb%20terbaru.zip
34	ANIME	INTRO ANIME 2022	https://github.com/bangzvl/Data-ML-X-ANIME/blob/ec790583d35f581c2bb1b7d0340ec12bf264fc3a/anime%202022.zip
9	HD_4K	ANIME KOPLO X MLBB TIKTOK	https://github.com/bangzvl/Data-ML-X-ANIME/blob/ec790583d35f581c2bb1b7d0340ec12bf264fc3a/anime%20koplo.zip
122	ANIME	MLBB X ALL ANIME SERIES	https://github.com/bangzvl/Data-ML-X-ANIME/blob/ec790583d35f581c2bb1b7d0340ec12bf264fc3a/anime%20serie.zip
5	ANIME	ALL ARA ARA ANIME X MLBB	https://github.com/bangzvl/Data-ML-X-ANIME/blob/ec790583d35f581c2bb1b7d0340ec12bf264fc3a/ara%20ara%20x%20mlbb.zip
35	ANIME	LOADING SCREEN ML ASUKA TANAKA	https://github.com/bangzvl/Data-ML-X-ANIME/blob/ec790583d35f581c2bb1b7d0340ec12bf264fc3a/asuka%20tanaka.zip
190	ANIME	GENSHIN X BLENDS	https://github.com/bangzvl/Data-ML-X-ANIME/blob/ec790583d35f581c2bb1b7d0340ec12bf264fc3a/genshin%20x%20blends.zip
75	ANIME	JUJUTSU X NARUTO	https://github.com/bangzvl/Data-ML-X-ANIME/blob/ec790583d35f581c2bb1b7d0340ec12bf264fc3a/jujutsu%20x%20naruto.zip
83	ANIME	KURUMI X MLBB	https://github.com/bangzvl/Data-ML-X-ANIME/blob/ec790583d35f581c2bb1b7d0340ec12bf264fc3a/kurumi%20x%20mlbb.zip
117	ANIME	MARI BERCINTA ANIME X MLBB	https://github.com/bangzvl/Data-ML-X-ANIME/blob/ec790583d35f581c2bb1b7d0340ec12bf264fc3a/mari%20bercinta%20lbb.zip
150	HD_4K	MARIN KITAGAWA X MLBB	https://github.com/bangzvl/Data-ML-X-ANIME/blob/ec790583d35f581c2bb1b7d0340ec12bf264fc3a/marin%20katigawa%20x%20mlbb.zip
119	ANIME	MLBB X MIERUKO CHAN	https://github.com/bangzvl/Data-ML-X-ANIME/blob/ec790583d35f581c2bb1b7d0340ec12bf264fc3a/meirukochan%20x%20mlbb.zip
121	ANIME	MLBB X ANIME MOVIE	https://github.com/bangzvl/Data-ML-X-ANIME/blob/ec790583d35f581c2bb1b7d0340ec12bf264fc3a/ml%20x%20anime%20movie.zip
68	ANIME	MLBB X ONE PIECE	https://github.com/bangzvl/Data-ML-X-ANIME/blob/ec790583d35f581c2bb1b7d0340ec12bf264fc3a/ml%20x%20onepiece.zip
169	ANIME	MLBB X ALL ANIME VERSI III	https://github.com/bangzvl/Data-ML-X-ANIME/blob/ec790583d35f581c2bb1b7d0340ec12bf264fc3a/mlbb%20x%20all%20anime%20v3.zip
172	ANIME	MLBB X ALL ANIME SLOWMO	https://github.com/bangzvl/Data-ML-X-ANIME/blob/ec790583d35f581c2bb1b7d0340ec12bf264fc3a/mlbb%20x%20anime%20slowmo.zip
165	HD_4K	MLBB X AOT MYTIC SCANE	https://github.com/bangzvl/Data-ML-X-ANIME/blob/ec790583d35f581c2bb1b7d0340ec12bf264fc3a/mlbb%20x%20aot%20mythic.zip
37	ANIME	MLBB X ATTACK ON TITAN S4	https://github.com/bangzvl/Data-ML-X-ANIME/blob/ec790583d35f581c2bb1b7d0340ec12bf264fc3a/mlbb%20x%20aot%20s4.zip
193	ANIME	MLBB X BLACK CLOVER ENDED	https://github.com/bangzvl/Data-ML-X-ANIME/blob/ec790583d35f581c2bb1b7d0340ec12bf264fc3a/mlbb%20x%20bc.zip
141	ANIME	ML X BLUE LOCK	https://github.com/bangzvl/Data-ML-X-ANIME/blob/ec790583d35f581c2bb1b7d0340ec12bf264fc3a/mlbb%20x%20blue%20lock.zip
175	ANIME	ML X CHAINSAW MAN MAKIMA	https://github.com/bangzvl/Data-ML-X-ANIME/blob/ec790583d35f581c2bb1b7d0340ec12bf264fc3a/mlbb%20x%20chainsawman.zip
180	ANIME	MLBB X DANCING EMILIA	https://github.com/bangzvl/Data-ML-X-ANIME/blob/ec790583d35f581c2bb1b7d0340ec12bf264fc3a/mlbb%20x%20dancing%20emilia.zip
125	ANIME	MLBB X ONE PIECE X DEMON SLAYER	https://github.com/bangzvl/Data-ML-X-ANIME/blob/ec790583d35f581c2bb1b7d0340ec12bf264fc3a/mlbb%20x%20demon%20slayer%20x%20onepiece.zip
199	ANIME	MLBB X KIMETSU NO YAIBA SAD	https://github.com/bangzvl/Data-ML-X-ANIME/blob/ec790583d35f581c2bb1b7d0340ec12bf264fc3a/mlbb%20x%20kimetsu%20sad.zip
56	ANIME	MLBB X KIMETSU NO YAIBA S2	https://github.com/bangzvl/Data-ML-X-ANIME/blob/ec790583d35f581c2bb1b7d0340ec12bf264fc3a/mlbb%20x%20kny%20s2.zip
82	ANIME	MLBB X NEZUKO	https://github.com/bangzvl/Data-ML-X-ANIME/blob/ec790583d35f581c2bb1b7d0340ec12bf264fc3a/mlbb%20x%20nezuko.zip
201	ANIME	MLBB X RIMURU TEMPEST	https://github.com/bangzvl/Data-ML-X-ANIME/blob/ec790583d35f581c2bb1b7d0340ec12bf264fc3a/mlbb%20x%20rimuru%20tempests.zip
203	ANIME	MLBB X SWORD ART ONLINE	https://github.com/bangzvl/Data-ML-X-ANIME/blob/ec790583d35f581c2bb1b7d0340ec12bf264fc3a/mlbb%20x%20sao.zip
70	ANIME	SOLO LEVELING X MLBB	https://github.com/bangzvl/Data-ML-X-ANIME/blob/ec790583d35f581c2bb1b7d0340ec12bf264fc3a/mlbb%20x%20solo%20leveling.zip
131	GAME	TAKT OP X MLBB	https://github.com/bangzvl/Data-ML-X-ANIME/blob/ec790583d35f581c2bb1b7d0340ec12bf264fc3a/mlbb%20x%20tak%20op.zip
204	ANIME	MLBB X TOKYO GHOUL	https://github.com/bangzvl/Data-ML-X-ANIME/blob/ec790583d35f581c2bb1b7d0340ec12bf264fc3a/mlbb%20x%20tokyo%20goul.zip
72	ANIME	MLBB X TOKYO REVENGERS	https://github.com/bangzvl/Data-ML-X-ANIME/blob/ec790583d35f581c2bb1b7d0340ec12bf264fc3a/mlbb%20x%20tokyo%20ravenge.zip
205	ANIME	MLBB X NARUTO ASHURA GLOW	https://github.com/bangzvl/Data-ML-X-ANIME/blob/ec790583d35f581c2bb1b7d0340ec12bf264fc3a/naruto%20ashura%20glow.zip
206	ANIME	NARUTO MODE BAYRON X MLBB	https://github.com/bangzvl/Data-ML-X-ANIME/blob/ec790583d35f581c2bb1b7d0340ec12bf264fc3a/naruto%20mode%20bayron.zip
208	ANIME	ONE PIECE X MLBB 4K	https://github.com/bangzvl/Data-ML-X-ANIME/blob/ec790583d35f581c2bb1b7d0340ec12bf264fc3a/onepiece%20x%20mlbb%204K.zip
210	ANIME	MLBB X SPY X FAMILY	https://github.com/bangzvl/Data-ML-X-ANIME/blob/ec790583d35f581c2bb1b7d0340ec12bf264fc3a/spy%20family%20x%20mlbb.zip
130	ANIME	TAKT OP X MLBB	https://github.com/bangzvl/Data-ML-X-ANIME/blob/ec790583d35f581c2bb1b7d0340ec12bf264fc3a/tkt%20op%20x%20mlbb.zip
387	TIKTOK	🔥SOUND MAMAH MUDA LEBIH UHUYY	https://github.com/bangzvl/Data-ML-X-TIKTOK/blob/02319e53e307827f5c21d822583999cb758d2ea9/SOUND%20MAMAH%20MUDA.zip
388	TIKTOK	🔥MANDUT APANYA TU YANG BULET	https://github.com/bangzvl/Data-ML-X-TIKTOK/blob/11cbadea458aa1d3f874b958fdb3de9cf6724300/mandax.zip
334	TIKTOK	🔥EEH JATOH DEH - KEMBARAN UNA	https://github.com/bangzvl/Data-ML-X-TIKTOK/blob/140594ed1959d93f46795e9f832a9d8a6a00b333/Kembaran%20Una%20eh%20jatoh%20deh.zip
432	TIKTOK	🔥LEE JU EUN UJAN AJA MASIH CAKEP CUY	https://github.com/bangzvl/Data-ML-X-TIKTOK/blob/18e0301561b81a5e0224f1f2856b9980313bd43e/LEE%20JU%20EUN%20X%20MLBB.zip
363	TIKTOK	🔥NOTRISA COMEBACK CUY	https://github.com/bangzvl/Data-ML-X-TIKTOK/blob/1a16cef9e476a2f81e429361ef18d678bfcbf027/NOTRISA%20X%20MLBB.zip
435	TIKTOK	🔥Intro 17 Agustus 2024	https://github.com/bangzvl/Data-ML-X-TIKTOK/blob/1e21dc21231b6295d49dcfedbf3b8215d3dc2d49/Intro%2017%20Agustus.zip
108	TIKTOK	515 STUN X 515 M-WORD	https://github.com/bangzvl/Data-ML-X-TIKTOK/blob/1ef54c895dcec5ff52b5cec061f81cbec5a6e251/515%20STUN%20X%20515%20MWORLD.zip
294	TIKTOK	BOCCHI IS REAL KAWAII🔥	https://github.com/bangzvl/Data-ML-X-TIKTOK/blob/1ef54c895dcec5ff52b5cec061f81cbec5a6e251/BOCCHI%20IS%20REAL%20KAWAII.zip
296	TIKTOK	CANTIK BNGT GILE MUKA SIMETRIS VIRAL TIKTOK🔥	https://github.com/bangzvl/Data-ML-X-TIKTOK/blob/1ef54c895dcec5ff52b5cec061f81cbec5a6e251/CANTIK%20BNGT%20GILE%20MUKA%20SIMETRIS%20VIRAL%20TIKTOK.zip
298	TIKTOK	FYP CEWEK BUGIS TERBAIK🔥	https://github.com/bangzvl/Data-ML-X-TIKTOK/blob/1ef54c895dcec5ff52b5cec061f81cbec5a6e251/CEWEK%20BUGIS%20TERBAIK.zip
287	TIKTOK	CHAT POTTE 2 X MLBB	https://github.com/bangzvl/Data-ML-X-TIKTOK/blob/1ef54c895dcec5ff52b5cec061f81cbec5a6e251/CHAT%20POTTE%202%20X%20MLBB.zip
217	TIKTOK	CHIKA X MLBB	https://github.com/bangzvl/Data-ML-X-TIKTOK/blob/1ef54c895dcec5ff52b5cec061f81cbec5a6e251/Chika%20x%20MLBB.zip
291	TIKTOK	LOADING ML FAISA FCH SAPI IDAMAN 🔥	https://github.com/bangzvl/Data-ML-X-TIKTOK/blob/1ef54c895dcec5ff52b5cec061f81cbec5a6e251/FAISA%20FCH%20SAPI%20IDAMAN.zip
111	TIKTOK	GAK CUMAN KAMU PACARKU (UNA)	https://github.com/bangzvl/Data-ML-X-TIKTOK/blob/1ef54c895dcec5ff52b5cec061f81cbec5a6e251/GAK%20CUMA%20KAMU%20PACRKU.zip
297	TIKTOK	VIRAL NICH🔥 GELENG GELENG HIJAB ENAKEUN	https://github.com/bangzvl/Data-ML-X-TIKTOK/blob/1ef54c895dcec5ff52b5cec061f81cbec5a6e251/GELENG%20GELENG%20HIJAB.zip
106	TIKTOK	JANGAN NELPON GW LAGI PUSH	https://github.com/bangzvl/Data-ML-X-TIKTOK/blob/1ef54c895dcec5ff52b5cec061f81cbec5a6e251/JANGAN%20NELPON%20LAGI%20GW%20NGEPUSH.zip
76	TIKTOK	MLBB X JUTINAXIE	https://github.com/bangzvl/Data-ML-X-TIKTOK/blob/1ef54c895dcec5ff52b5cec061f81cbec5a6e251/Justinaxie.zip
219	TIKTOK	KAMEN RIDER X MLBB	https://github.com/bangzvl/Data-ML-X-TIKTOK/blob/1ef54c895dcec5ff52b5cec061f81cbec5a6e251/Kamen%20Rider%20X%20MLBB.zip
91	HD_4K	MLBB X ANIME LIGHTING	https://github.com/bangzvl/Data-ML-X-TIKTOK/blob/1ef54c895dcec5ff52b5cec061f81cbec5a6e251/LOADING%20ANIME%20GLOW%20HD%20bercahaya%20gitu%20%F0%9F%94%A5.zip
221	GAME	MLBB X LITTLE NIGHTMARES	https://github.com/bangzvl/Data-ML-X-TIKTOK/blob/1ef54c895dcec5ff52b5cec061f81cbec5a6e251/ML%20X%20LITTLE%20NIGHMARE.zip
100	TIKTOK	LOADING ML NAYEON GK ADA OBAT EMANG	https://github.com/bangzvl/Data-ML-X-TIKTOK/blob/1ef54c895dcec5ff52b5cec061f81cbec5a6e251/ML%20X%20NAYEON.zip
48	SPORT	INTRO EVOS NOT NOT	https://github.com/bangzvl/Data-ML-X-TIKTOK/blob/1ef54c895dcec5ff52b5cec061f81cbec5a6e251/ML%20X%20NOTNOT.zip
293	TIKTOK	DJ WIRO SABLENK BULAT TAPI BUKAN TEKAD🔥	https://github.com/bangzvl/Data-ML-X-TIKTOK/blob/1ef54c895dcec5ff52b5cec061f81cbec5a6e251/MLBB%20X%20DJ%20WIRO%20SABLENK.zip
144	TIKTOK	MLBB X FAISAFCH MAU BANGET JADI KUCING	https://github.com/bangzvl/Data-ML-X-TIKTOK/blob/1ef54c895dcec5ff52b5cec061f81cbec5a6e251/MLBB%20X%20FAISAFCH.zip
89	TIKTOK	LOADING ML X GABAGTHA	https://github.com/bangzvl/Data-ML-X-TIKTOK/blob/1ef54c895dcec5ff52b5cec061f81cbec5a6e251/MLBB%20X%20Gabagtha.zip
288	SPORT	MLBB X ONIC GIRL E-SPORT	https://github.com/bangzvl/Data-ML-X-TIKTOK/blob/1ef54c895dcec5ff52b5cec061f81cbec5a6e251/MLBB%20X%20ONIC%20GIRL%20E-SPORT.zip
159	TIKTOK	MLBB X WIBU NEKO	https://github.com/bangzvl/Data-ML-X-TIKTOK/blob/1ef54c895dcec5ff52b5cec061f81cbec5a6e251/MLBB%20X%20WIBU%20NEKO.zip
101	TIKTOK	LOADING ML X SADFIRA VIRAL TIKTOK	https://github.com/bangzvl/Data-ML-X-TIKTOK/blob/1ef54c895dcec5ff52b5cec061f81cbec5a6e251/MLBB%20x%20SADFIRA.zip
234	TIKTOK	MLBB X JEDAG JEDUG PREMIUM	https://github.com/bangzvl/Data-ML-X-TIKTOK/blob/1ef54c895dcec5ff52b5cec061f81cbec5a6e251/MLXTIK~1.zip
116	TIKTOK	MAJISUKA GAKUEN X MLBB	https://github.com/bangzvl/Data-ML-X-TIKTOK/blob/1ef54c895dcec5ff52b5cec061f81cbec5a6e251/Majisuki%20x%20mlbb.zip
236	TIKTOK	SUPER HERO INDONESIA X MLBB	https://github.com/bangzvl/Data-ML-X-TIKTOK/blob/1ef54c895dcec5ff52b5cec061f81cbec5a6e251/SUPER%20HERO%20INDONESIA.zip
237	TIKTOK	MLBB X TIKTOK KEDIP	https://github.com/bangzvl/Data-ML-X-TIKTOK/blob/1ef54c895dcec5ff52b5cec061f81cbec5a6e251/Tiktok%20x%20mlbb%20kdip.zip
295	TIKTOK	UNTUNG KUAT IMAN VIRAL TIKTOK🔥	https://github.com/bangzvl/Data-ML-X-TIKTOK/blob/1ef54c895dcec5ff52b5cec061f81cbec5a6e251/UNTUNG%20KUAT%20IMAN.zip
292	TIKTOK	VIRAL TIKTOK AIYA SUSANTI DAN MEI MEI🔥	https://github.com/bangzvl/Data-ML-X-TIKTOK/blob/1ef54c895dcec5ff52b5cec061f81cbec5a6e251/VIRAL%20SUSANTI%20DAN%20MEIMEI.zip
238	TIKTOK	MLBB X VIRA APRILIA	https://github.com/bangzvl/Data-ML-X-TIKTOK/blob/1ef54c895dcec5ff52b5cec061f81cbec5a6e251/Vira%20Aprilia%20x%20MLBB.zip
12	TIKTOK	ARACHU X MLBB VIRAL TIKTOK	https://github.com/bangzvl/Data-ML-X-TIKTOK/blob/1ef54c895dcec5ff52b5cec061f81cbec5a6e251/arachu%20ml.zip
18	GAME	BLACKPINK X MLBB	https://github.com/bangzvl/Data-ML-X-TIKTOK/blob/1ef54c895dcec5ff52b5cec061f81cbec5a6e251/blackpink%20x%20mlbb.zip
61	TIKTOK	CEWEK HIJAB X MLBB	https://github.com/bangzvl/Data-ML-X-TIKTOK/blob/1ef54c895dcec5ff52b5cec061f81cbec5a6e251/cewek%20jilbb%20x%20mlbb.zip
24	TIKTOK	DJ LOLI X MLBB	https://github.com/bangzvl/Data-ML-X-TIKTOK/blob/1ef54c895dcec5ff52b5cec061f81cbec5a6e251/dj%20loli%20x%20mlbb.zip
143	TIKTOK	ML X DX TWICE	https://github.com/bangzvl/Data-ML-X-TIKTOK/blob/1ef54c895dcec5ff52b5cec061f81cbec5a6e251/dx%20twice%20x%20mlbb.zip
27	TIKTOK	FELISA X MLBB VIRAL TIKTOK	https://github.com/bangzvl/Data-ML-X-TIKTOK/blob/1ef54c895dcec5ff52b5cec061f81cbec5a6e251/felisa%20x%20mlbb.zip
145	TIKTOK	ML X HIGH & LOW	https://github.com/bangzvl/Data-ML-X-TIKTOK/blob/1ef54c895dcec5ff52b5cec061f81cbec5a6e251/high%20and%20low.zip
218	TIKTOK	IKLAN ROYKO X MLBB	https://github.com/bangzvl/Data-ML-X-TIKTOK/blob/1ef54c895dcec5ff52b5cec061f81cbec5a6e251/iklan%20royko.zip
356	TIKTOK	🔥GABAGTHA FULL HD X MLBB	https://github.com/bangzvl/Data-ML-X-TIKTOK/blob/20f225e5e04710c8bda82ec13d4f6486da6951c9/GABAGTHA%20FULL%20HD.zip
365	TIKTOK	🔥ECA X MLBB SERBA PINX	https://github.com/bangzvl/Data-ML-X-TIKTOK/blob/222947219401456e2ab63432fdefcef6764108b9/ECA%20X%20MLBB.zip
403	TIKTOK	🔥 HANI FULL SKIN	https://github.com/bangzvl/Data-ML-X-TIKTOK/blob/24653555f67135502d08e88f7c2eaba20f27c025/HANI%20FULL%20SKIN.zip
408	TIKTOK	🔥FIRST MEET ASAL PEGANG AJA LU	https://github.com/bangzvl/Data-ML-X-TIKTOK/blob/25ef55b1b9289a5b9fc96d0d564697b0361d3662/Firstmeet%20mau%20aja%20lagi.zip
134	TIKTOK	MLBB X ALEENA VIRAL DJ KARA BORUTO	https://github.com/bangzvl/Data-ML-X-TIKTOK/blob/2864ad0d002bcd04b5b8cb445650dff60487fc93/DJ%20KARA.zip
496	TIKTOK	🔥VIRAL itss_anggi di Tweet Full Album	https://github.com/bangzvl/Data-ML-X-TIKTOK/blob/28ced991e0178edccd629a2b71c10b5ef1047687/ITSS%20ANGGI%20VIRAL%20TWEET.zip
312	TIKTOK	🔥CERMIN EMNG GK PERNAH BOONG YE !!! TIKTOK	https://github.com/bangzvl/Data-ML-X-TIKTOK/blob/30605bc60f8ec92bba3e79ba863f3e6c9b2986dd/Cermin%20emng%20gk%20pernah%20boong.zip
362	TIKTOK	🌀KA FUJI BALONKU ADA LIMA DOOR 	https://github.com/bangzvl/Data-ML-X-TIKTOK/blob/30e20d1982b413efccf9776c29bfa189b67c93f8/BALONKU%20KA%20FUJI.zip
345	TIKTOK	⚡RHMA NIA11 X MLBB AGA TELAT SLURRRR	https://github.com/bangzvl/Data-ML-X-TIKTOK/blob/316bda4111871a76729f064324849058bd08a166/rhma%20nia11%20x%20mlbb.zip
311	TIKTOK	🔥ML X TIKTOK BERBUKA DENGAN YANG MANIS YAKAN	https://github.com/bangzvl/Data-ML-X-TIKTOK/blob/326589823eb367dc33c583b75c15cc27ad9d409a/ML%20Berbuka%20dengan%20yang%20manis.zip
303	TIKTOK	NEW🔥 MLBB X MITA TIKTOK	https://github.com/bangzvl/Data-ML-X-TIKTOK/blob/34feef1ea1c4b42ae826a9e0554ac55b26c1ddc1/MLBB%20X%20MITA.zip
351	TIKTOK	🔥AKU LAGI BETE JJ DULU YAKAN	https://github.com/bangzvl/Data-ML-X-TIKTOK/blob/369a51ebedc82d94e44c82c99fc07853dd4eee44/ML%20X%20JJ%20AKU%20LAGI%20BT.zip
442	TIKTOK	🔥CELCIA DIKIT LAGI TUH HEHE	https://github.com/bangzvl/Data-ML-X-TIKTOK/blob/3a23b3c6bce182b77f9f93ff883667c6ea942685/CELCIA%20TIKTOK.zip
444	TIKTOK	🔥HANOVO EMANG SEMULUS INI YA	https://github.com/bangzvl/Data-ML-X-TIKTOK/blob/3deb769c775ae8547a674855b56ff308007b54c8/HANOVO%20TIKTOK.zip
430	TIKTOK	🔥CAKEP JUGA Tikusnya di kepala	https://github.com/bangzvl/Data-ML-X-TIKTOK/blob/40121db16a1a3cf577eb0f7634fb782d830319d9/Naara%20x%20MLBB.zip
395	TIKTOK	🔥KAK ILVI BIKIN ADEM	https://github.com/bangzvl/Data-ML-X-TIKTOK/blob/41ae02bf27278a590d91e6570c20f570ff7cc25d/KAK%20ILVI%20ADEM.zip
337	TIKTOK	🔥ML X CHRISTY JKT 48 USHHHH IMUT SEKALI	https://github.com/bangzvl/Data-ML-X-TIKTOK/blob/4219a332abc35f33433de45c8a00c46bea97d511/ML%20X%20CRISTY.zip
98	TIKTOK	MLBB X TERBILA BILA	https://github.com/bangzvl/Data-ML-X-TIKTOK/blob/43a7f2c9c5ab604cd73ac3c92f59126be0aeb32e/TERBILA%20BILA.zip
428	TIKTOK	🔥HYERIN DUH INFOKAN AKUN BRE	https://github.com/bangzvl/Data-ML-X-TIKTOK/blob/449d05fa7412cba943ed478f327f2cece369d9be/HYERIN%20KOREA.zip
484	TIKTOK	🔥SYAXILAA yahuut cuy	https://github.com/bangzvl/Data-ML-X-TIKTOK/blob/45b0cb889538d4141a1e4d7f96f941bd4fc58e05/SYAXILLA.zip
402	TIKTOK	🔥GANYU IN REAL LIFE	https://github.com/bangzvl/Data-ML-X-TIKTOK/blob/47986a150130e390d9f8435d7d3034f8f584b9a0/COSPLAY%20GANYU.zip
424	TIKTOK	🔥MOMY XIAOWA BARU TAU DIA	https://github.com/bangzvl/Data-ML-X-TIKTOK/blob/4cb51296685e5f6e5bd629adc79d2945c748bc8f/MOMY%20XIAOWA.zip
414	TIKTOK	🔥COUTER INDIRA SKIN PINK	https://github.com/bangzvl/Data-ML-X-TIKTOK/blob/4da6dc778b7a62cdaf1bfa15b8d7ac085798a0b3/Indira%20skin%20pink.zip
373	TIKTOK	🔥BIILLAWW X MLBB BULAT BNGT YA	https://github.com/bangzvl/Data-ML-X-TIKTOK/blob/514a26aeb8422da5ec69049a668f76d1201092d7/MLBB%20X%20BILLAW.zip
318	TIKTOK	🔥FREYA JKT48 SENYUMAN IMUT KARAMELNYA ITU LOH	https://github.com/bangzvl/Data-ML-X-TIKTOK/blob/52f34ca974905bb38765e5592c134a0d36017a35/FREYA%20JKT%2048%20X%20MLBB.zip
370	TIKTOK	🔥VIRAL SENNA TERNYATA ALIKA	https://github.com/bangzvl/Data-ML-X-TIKTOK/blob/54ffe2423dd9e9ec913559a878776ddbfb7d7720/SENNA%20V3.zip
316	TIKTOK	🔥KAYA KENAL DIA DIBIKIN TERCANDU CANDU	https://github.com/bangzvl/Data-ML-X-TIKTOK/blob/55967d081c0d3c81f69e1cc62076f30cfa3b2c23/KAYA%20KENAL%20DIA%20Bikin%20tercandu%20candu.zip
400	TIKTOK	🔥BILA L DIA MARAH MARAH	https://github.com/bangzvl/Data-ML-X-TIKTOK/blob/57a7ed5a6e4e1105a576aef6c6d197d513c4820b/MLBB%20X%20BILA%20L.zip
426	TIKTOK	🔥AYANG SUNDANESE AURANYA BEDA CUY	https://github.com/bangzvl/Data-ML-X-TIKTOK/blob/59b5a766439cddc131ab93cbd5e4c87253c12a4e/AYANG%20SUNDANESE.zip
389	TIKTOK	🔥SELEB BUKAN SEMBARANG SELEB	https://github.com/bangzvl/Data-ML-X-TIKTOK/blob/5d5bb21d30cb4f3c0d00d442269bedcffcac26bd/BENTAR%20LAGI%20PUSA.zip
425	TIKTOK	🔥VILMEI X RUMSYAH Duh cocok bngt	https://github.com/bangzvl/Data-ML-X-TIKTOK/blob/63446c9dd8726c5cc7bb6346cf94d15cd832c4b0/VILMEI%20X%20MLBB.zip
443	TIKTOK	🔥WANWARIN X TIKTOK LENGAH DIKIT SALTING	https://github.com/bangzvl/Data-ML-X-TIKTOK/blob/63d5e4cfea6785ba00b51ed3d04a7875eb116b2d/WANWARIN%20TIKTOK.zip
304	TIKTOK	CAMPURAN TIARA ANDINI X NISSA SABYAN VERSI SHOLAWAT	https://github.com/bangzvl/Data-ML-X-TIKTOK/blob/6576309ad9def2f8f873a15443f9b8a3566b8db4/Intro%20Versi%20Sholawat.zip
474	TIKTOK	🔥EUNBI TERHUTTTT	https://github.com/bangzvl/Data-ML-X-TIKTOK/blob/65feed6af7868e1befb152fbb15134616a036969/EUNBI%20X%20MLBB.zip
354	TIKTOK	🔥MLBB X SYARIFAH VIRAL IDAMAN SIAPA NI	https://github.com/bangzvl/Data-ML-X-TIKTOK/blob/67021df4da376b5252feed67f8812e7f9f6ca3eb/MLBB%20X%20SYARIFAH.zip
407	TIKTOK	🔥ZQYAA X MLBB KECIL TAPI B3S4R	https://github.com/bangzvl/Data-ML-X-TIKTOK/blob/68669b11444f2a50771e6e5d36aa6a855a3bfb3e/ZQYAA%20X%20MLBB.zip
406	TIKTOK	🔥TALIA VERSI KE 2 NYA LEBIH SEMANGAT	https://github.com/bangzvl/Data-ML-X-TIKTOK/blob/69769b4b3d571eab422d0340c8abbbc20dd42e4f/MLBB%20X%20TALIA%20V2.zip
415	TIKTOK	🔥PESONA CEWEK SMA Yang dah Lulus	https://github.com/bangzvl/Data-ML-X-TIKTOK/blob/6e3abbbdbf918c7fa5dd8a81716199c654f81d1e/PESONA%20CEWEK%20SMA.zip
64	TIKTOK	INI ADALAH AKU RAJA MEKSIKO	https://github.com/bangzvl/Data-ML-X-TIKTOK/blob/6f5ebe0e5d46d217418e596e4e988626f6aab5dd/ini%20adalah%20aku%20raja%20meksiko.zip
80	TIKTOK	KANNA HASHIMOTO X MLBB	https://github.com/bangzvl/Data-ML-X-TIKTOK/blob/6f5ebe0e5d46d217418e596e4e988626f6aab5dd/kanna%20hashimoto%20x%20mlbb.zip
81	TIKTOK	KATA KATA BUAT PARA EPIC	https://github.com/bangzvl/Data-ML-X-TIKTOK/blob/6f5ebe0e5d46d217418e596e4e988626f6aab5dd/kata%20kata%20%20buat%20para%20epic.zip
120	TIKTOK	INTRO KATA KATA BIJAK ML	https://github.com/bangzvl/Data-ML-X-TIKTOK/blob/6f5ebe0e5d46d217418e596e4e988626f6aab5dd/kata%20kata%20bijak%20mlbb.zip
118	TIKTOK	MARJAN X MLBB	https://github.com/bangzvl/Data-ML-X-TIKTOK/blob/6f5ebe0e5d46d217418e596e4e988626f6aab5dd/marjan%20x%20mlbb.zip
220	TIKTOK	MLBB X IKLAN	https://github.com/bangzvl/Data-ML-X-TIKTOK/blob/6f5ebe0e5d46d217418e596e4e988626f6aab5dd/ml%20x%20iklan.zip
128	TIKTOK	MLBB X PARGOY TINGKAT DEWA	https://github.com/bangzvl/Data-ML-X-TIKTOK/blob/6f5ebe0e5d46d217418e596e4e988626f6aab5dd/ml%20x%20pargoy.zip
103	TIKTOK	MLBB X UNA TEKI TEKI	https://github.com/bangzvl/Data-ML-X-TIKTOK/blob/6f5ebe0e5d46d217418e596e4e988626f6aab5dd/ml%20x%20una%20teki%20teki.zip
223	TIKTOK	ML X AGUSTUS	https://github.com/bangzvl/Data-ML-X-TIKTOK/blob/6f5ebe0e5d46d217418e596e4e988626f6aab5dd/mlbb%20x%20agustus.zip
171	TIKTOK	MLBB X CARS	https://github.com/bangzvl/Data-ML-X-TIKTOK/blob/6f5ebe0e5d46d217418e596e4e988626f6aab5dd/mlbb%20x%20cars.zip
177	TIKTOK	MLBB X CR7	https://github.com/bangzvl/Data-ML-X-TIKTOK/blob/6f5ebe0e5d46d217418e596e4e988626f6aab5dd/mlbb%20x%20cr7.zip
179	TIKTOK	MLBB X DAHLA	https://github.com/bangzvl/Data-ML-X-TIKTOK/blob/6f5ebe0e5d46d217418e596e4e988626f6aab5dd/mlbb%20x%20dahla.zip
181	TIKTOK	MLBB X DIAHNOVY	https://github.com/bangzvl/Data-ML-X-TIKTOK/blob/6f5ebe0e5d46d217418e596e4e988626f6aab5dd/mlbb%20x%20diahnovy.zip
182	TIKTOK	MLBB X DINDA	https://github.com/bangzvl/Data-ML-X-TIKTOK/blob/6f5ebe0e5d46d217418e596e4e988626f6aab5dd/mlbb%20x%20dinda.zip
224	TIKTOK	MLBB X KAYES	https://github.com/bangzvl/Data-ML-X-TIKTOK/blob/6f5ebe0e5d46d217418e596e4e988626f6aab5dd/mlbb%20x%20kayess.zip
225	TIKTOK	MLBB X KIKAKIM	https://github.com/bangzvl/Data-ML-X-TIKTOK/blob/6f5ebe0e5d46d217418e596e4e988626f6aab5dd/mlbb%20x%20kikakim.zip
127	SPORT	MLBB X OPI	https://github.com/bangzvl/Data-ML-X-TIKTOK/blob/6f5ebe0e5d46d217418e596e4e988626f6aab5dd/mlbb%20x%20opi%20angel.zip
226	TIKTOK	MLBB X RANDOM TIKTOK	https://github.com/bangzvl/Data-ML-X-TIKTOK/blob/6f5ebe0e5d46d217418e596e4e988626f6aab5dd/mlbb%20x%20random%20tiktok.zip
167	TIKTOK	ML X TIKTOK SENGGOL KIRI KANAN	https://github.com/bangzvl/Data-ML-X-TIKTOK/blob/6f5ebe0e5d46d217418e596e4e988626f6aab5dd/mlbb%20x%20senggol%20kiri%20kanan.zip
228	TIKTOK	MLBB X TIKTOK SLOWMO	https://github.com/bangzvl/Data-ML-X-TIKTOK/blob/6f5ebe0e5d46d217418e596e4e988626f6aab5dd/mlbb%20x%20tiktok%20slowmo.zip
229	TIKTOK	MLBB X TIKTOK V3	https://github.com/bangzvl/Data-ML-X-TIKTOK/blob/6f5ebe0e5d46d217418e596e4e988626f6aab5dd/mlbb%20x%20tiktok%20versi3.zip
227	TIKTOK	MLBB X TIKTOK	https://github.com/bangzvl/Data-ML-X-TIKTOK/blob/6f5ebe0e5d46d217418e596e4e988626f6aab5dd/mlbb%20x%20tiktok.zip
230	TIKTOK	MLBB X TWICE	https://github.com/bangzvl/Data-ML-X-TIKTOK/blob/6f5ebe0e5d46d217418e596e4e988626f6aab5dd/mlbb%20x%20twitch.zip
50	SPORT	MLBB X UNA EVOS	https://github.com/bangzvl/Data-ML-X-TIKTOK/blob/6f5ebe0e5d46d217418e596e4e988626f6aab5dd/mlbb%20x%20una%20evox.zip
231	TIKTOK	MLBB X UNA	https://github.com/bangzvl/Data-ML-X-TIKTOK/blob/6f5ebe0e5d46d217418e596e4e988626f6aab5dd/mlbb%20x%20una.zip
63	TIKTOK	MLBB X WIBU V2	https://github.com/bangzvl/Data-ML-X-TIKTOK/blob/6f5ebe0e5d46d217418e596e4e988626f6aab5dd/mlbb%20x%20wibu%20v2.zip
232	TIKTOK	MLBB X WIBU	https://github.com/bangzvl/Data-ML-X-TIKTOK/blob/6f5ebe0e5d46d217418e596e4e988626f6aab5dd/mlbb%20x%20wibuu.zip
233	TIKTOK	MLBB X YAMETE KUDASAI	https://github.com/bangzvl/Data-ML-X-TIKTOK/blob/6f5ebe0e5d46d217418e596e4e988626f6aab5dd/mlbb%20x%20yamete%20kudasai.zip
235	TIKTOK	NCT X MLBB	https://github.com/bangzvl/Data-ML-X-TIKTOK/blob/6f5ebe0e5d46d217418e596e4e988626f6aab5dd/nct%20x%20mlbb.zip
161	TIKTOK	MLBB X MUSIC SIMPLE DIMPLE	https://github.com/bangzvl/Data-ML-X-TIKTOK/blob/6f5ebe0e5d46d217418e596e4e988626f6aab5dd/simple%20dimple.zip
129	TIKTOK	MLBB X SQUID GAME	https://github.com/bangzvl/Data-ML-X-TIKTOK/blob/6f5ebe0e5d46d217418e596e4e988626f6aab5dd/squid%20game%20x%20mlbb.zip
88	TIKTOK	MLBB X TIKTOK PAK PONG PONG	https://github.com/bangzvl/Data-ML-X-TIKTOK/blob/6f5ebe0e5d46d217418e596e4e988626f6aab5dd/tiktok%20pak%20pongvong.zip
132	TIKTOK	MLBB X TIKTOK LOCA LOKA	https://github.com/bangzvl/Data-ML-X-TIKTOK/blob/6f5ebe0e5d46d217418e596e4e988626f6aab5dd/viral%20tik%20tok%20loca.zip
375	TIKTOK	🔥DOUYIN X MLBB JADI PEN CRT	https://github.com/bangzvl/Data-ML-X-TIKTOK/blob/715a8cf3663bc846df9d609d298ad50af06daa5f/MLBB%20X%20DOUYIN.zip
412	TIKTOK	🔥SZS SKIN BARU NIH	https://github.com/bangzvl/Data-ML-X-TIKTOK/blob/71d7d4f14e58328d81a99c4ca7b0086d9b0b8b1e/SZS%20SKIN%20BARU.zip
385	TIKTOK	🔥SEKARANG GANJAR NIH	https://github.com/bangzvl/Data-ML-X-TIKTOK/blob/778bfd0c3caba0facbae1fb01683ba72aef029de/ML%20GANJAR%20PRANOWO.zip
386	TIKTOK	🔥DOUYIN IH NGERI JATOH	https://github.com/bangzvl/Data-ML-X-TIKTOK/blob/77a68a24dec887deaa0a48fcd4ee434293129d35/DOUYIN%20NGERI%20COPOT.zip
394	TIKTOK	🔥DOUYIN VERSI HIJAB	https://github.com/bangzvl/Data-ML-X-TIKTOK/blob/78617a78b8c7a833b3f5554dad90dcbf60186c5f/Douyin%20Versi%20Hijab.zip
341	TIKTOK	🔥FREZEE X MLBB SISA 17 AGUSTUSAN DIBIKIN NAGIH	https://github.com/bangzvl/Data-ML-X-TIKTOK/blob/789392e64ae1360bc613ce52ca68562e3ba816d5/FREZEE%20X%20MLBB.zip
368	HD_4K	🔥HARI INI TERSENNA-SENA VIRAL	https://github.com/bangzvl/Data-ML-X-TIKTOK/blob/7a87d09d924236b0a044a159351f2f77d727a0ad/TERSENA%20SENNA.zip
416	TIKTOK	🔥NAYACANTIK ACCin BUND	https://github.com/bangzvl/Data-ML-X-TIKTOK/blob/7ae7bd20b86028f4b773d411413f4dfa9c8e4bdf/ACC%20BUND.zip
393	TIKTOK	🔥VIRAL MIO MIRZA	https://github.com/bangzvl/Data-ML-X-TIKTOK/blob/7af95d027b0eed4bd6997f366de068f9574d2bf7/Bukan%20Mio%20Mirza.zip
413	TIKTOK	🔥AMU DI DUNIA NYATA CHOY	https://github.com/bangzvl/Data-ML-X-TIKTOK/blob/7e35511d56ba50b3c0a4977a281fef21d63df708/AMU%20DI%20DUNIA%20NYATA.zip
344	TIKTOK	🔥COSPLAY GOJO VIRAL DIBIKIN KAGET	https://github.com/bangzvl/Data-ML-X-TIKTOK/blob/81a999a7c81027f930a34c18932ac51c4e976399/Kosplay%20gojo.zip
473	TIKTOK	🔥CINTHIA GILLA BERDAMAGE CUY	https://github.com/bangzvl/Data-ML-X-TIKTOK/blob/8a6165524ea71a6dd5cd7136707d8460e7b93ba5/CYNTHIA%20GILA%20BERDAMAGE.zip
384	TIKTOK	🔥MLBB X PDIP MENYALA ABANGKUH PADA MASANYA	https://github.com/bangzvl/Data-ML-X-TIKTOK/blob/9013632173d641407c03db6d341de5f60663906b/MLBB%20X%20PDIP.zip
342	TIKTOK	🔥RATUMOON X MLBB LAGI LAGI NO COUNTERRR	https://github.com/bangzvl/Data-ML-X-TIKTOK/blob/90481dceef1e609cc3979fe462ee4d3541e4b42a/RATU%20MONA%20X%20MLBB.zip
325	TIKTOK	🔥AJOJING ALA ALA AJOJING TUTURURUT	https://github.com/bangzvl/Data-ML-X-TIKTOK/blob/90b982dcd4368bd602be91f2439481f364ab02c9/AJOJING%20ALA%20ALA%20AJOJING.zip
445	TIKTOK	🔥RESAAAYNI01 COUNTER SIAPA NI	https://github.com/bangzvl/Data-ML-X-TIKTOK/blob/911af047186118a6942db18584bd100d47182f69/RESAAYNI01.zip
453	TIKTOK	ADRIANSUCI IZIN SAVE BUAT TUGAS SKULIAH 	https://github.com/bangzvl/Data-ML-X-TIKTOK/blob/9168090f93da23d4b01e2c81bb145e1483d1dff0/ADRIANSUCI.zip
486	TIKTOK	🔥Niyaaay geol geol	https://github.com/bangzvl/Data-ML-X-TIKTOK/blob/923649dd20853dc21fec862d95d0d0e02a723c28/Niaaay%20X%20ML.zip
338	TIKTOK	🔥HAERIN X MLBB GILE CAKEP BENR NI TOLONG	https://github.com/bangzvl/Data-ML-X-TIKTOK/blob/923b935c1f4a4039ac75dca9d4f0ee2fbecc1837/HEIRIN%20X%20MLBB.zip
446	TIKTOK	🔥NITA GUNAWAN EH FUNGSI TAS YANG SEBENARNYA	https://github.com/bangzvl/Data-ML-X-TIKTOK/blob/9372e25bc78cd34f012801181e3a6b24ca045fca/ML%20NITA%20GUNAWAN.zip
361	TIKTOK	TERCEGIL CEGIL SEKALI!!!	https://github.com/bangzvl/Data-ML-X-TIKTOK/blob/940837901d42c4fe93ad9342558d0bc51a1bc65a/CEGIL.zip
327	HERO	🔥LISA BLACKPINK X LUNOX LAH BISA MIRIP GITU YAK	https://github.com/bangzvl/Data-ML-X-TIKTOK/blob/947861f5983361c1cde7872a657ad83301695d21/skin%20lunox%20x%20lisa.zip
377	TIKTOK	🔥ANGELCHAN X YUMEKO TAU KAN SIAPA DIA	https://github.com/bangzvl/Data-ML-X-TIKTOK/blob/94f87db319d164b45b823210b41f8e30824f3e5d/ANGELCHAN%20X%20YUMEKO.zip
494	TIKTOK	Trend🔥 AYU PUSPA GA ADA OBAT SIH	https://github.com/bangzvl/Data-ML-X-TIKTOK/blob/961162752c8baf6209816e6f6c93f3a936a32884/AYU%20PUSPA%20TREND%20TIKTOK.zip
411	TIKTOK	🔥SZS HAPPPY TERUS	https://github.com/bangzvl/Data-ML-X-TIKTOK/blob/98d77909ef3039e6d120787d5629d117b524f64a/MLBB%20X%20SZS.zip
429	TIKTOK	🔥TOBRUT Langsung tobat dah	https://github.com/bangzvl/Data-ML-X-TIKTOK/blob/99f487db9e7c0d5a6326e487b65e00001b20cfa4/TOBRUT%20X%20MLBB.zip
392	TIKTOK	🔥ONECHAN MANHWA LEBIH MENGGODA	https://github.com/bangzvl/Data-ML-X-TIKTOK/blob/9a381709204ded9c85bcb5367cba15c0300948d9/ONEECHAN%20X%20MLBB.zip
369	TIKTOK	 🔥VIRAL SENNA V2 YANG TAU TAU AJA	https://github.com/bangzvl/Data-ML-X-TIKTOK/blob/9beda0cb85e7e3a323145c87b006001e3e42fbae/ML%20X%20SENNA%20TERNYATA%20ALIKA.zip
355	TIKTOK	🔥SIMETRISNYA PUH - FREYAJKT48	https://github.com/bangzvl/Data-ML-X-TIKTOK/blob/9c03d3d84d7c0b4e3e7415e04ba0cac4f1226a4c/SIMETRIS%20PUH%20FREYA%20JKT%2048.zip
490	TIKTOK	🔥WARINNASIRI Gemoy bngt	https://github.com/bangzvl/Data-ML-X-TIKTOK/blob/a1a5ba1a1b380b15c5a7305ead50ebd459c8ee3f/MLBB%20X%20WARINNASIRI.zip
383	TIKTOK	🔥DOUYIN CHINA EMANG TUING TUING YA	https://github.com/bangzvl/Data-ML-X-TIKTOK/blob/a37f7e00900e12fb1f9d127f605e0fe2b971b523/CHINESE%20DOUYIN.zip
376	SPORT	🔥JESS NO LIMIT IS BACK	https://github.com/bangzvl/Data-ML-X-TIKTOK/blob/a388fcc9978fcae5c9428d4043a25e40c7a5d5b5/JESS%20NO%20LIMIT%20SEPUH.zip
409	TIKTOK	🔥JJ DIBO MALARIA VIRAL DONG	https://github.com/bangzvl/Data-ML-X-TIKTOK/blob/a3ce17bb86b9e064dcc2c9a35baa09e44a61d4a4/JJ%20DIBO%20MALARIA.zip
391	TIKTOK	🔥RATU AULIA SEMAKIN DIDEPAN	https://github.com/bangzvl/Data-ML-X-TIKTOK/blob/a5f374f2df2e08e14076c468c66e9a166f814c36/RATU%20X%20MLBB.zip
431	TIKTOK	🔥NOVI APRILIA HIDUP SENANG SETIAP HARI MELAYANG	https://github.com/bangzvl/Data-ML-X-TIKTOK/blob/a636d203eb4eb9765813035274cd12e0cc346c8a/HIDUP%20SENANG%20SETIAP%20HARI.zip
423	TIKTOK	🔥CHINESE NEW TREND TIKTOK	https://github.com/bangzvl/Data-ML-X-TIKTOK/blob/a9c53af257981ba1aabfb2683b6d6c262463a040/INTRO%20X%20CHINESEGIRLS%20V2.zip
433	TIKTOK	🔥TREND TERLUCU SAAT INI HORE KAMI SAYANG MOONTON MONTON SAYANG KAMI	https://github.com/bangzvl/Data-ML-X-TIKTOK/blob/aa079e207c8645a47dc1dba9feb1077b09defd68/INTRO%20ML%20MARSHA%20YATTA.zip
359	TIKTOK	💦 TOYA PIRANG EMANG BEDA YA	https://github.com/bangzvl/Data-ML-X-TIKTOK/blob/adc7fcf01acd01314573b30a3aced9f7d1d9d6f8/TOYA%20PIRANG.zip
482	TIKTOK	🔥NONCAKEIT yakin ga coba?	https://github.com/bangzvl/Data-ML-X-TIKTOK/blob/ae999e63b41442c3dc986ece77596269996f5a6a/NONCAKEIT.zip
372	TIKTOK	😭 OLINE SLEEP EYE SECANDU ITU	https://github.com/bangzvl/Data-ML-X-TIKTOK/blob/aec40ac2cfceb16858d2a529356d45d92c96c04f/OLINE%20SLEEP%20EYE.zip
371	TIKTOK	🔥SENNA SKIN PRAMUKA AJIB BENER	https://github.com/bangzvl/Data-ML-X-TIKTOK/blob/b0ad59a1d81c16d1a5bde5636900f3868a53cb48/SENNA%20X%20SKIN%20PRAMUKA.zip
347	TIKTOK	⚡COSPLAY MIKASA PANAS SEBENERNYA GK MAU WE	https://github.com/bangzvl/Data-ML-X-TIKTOK/blob/b0f6d3199f2d25ecb51dffd3399057820e988e9f/Mikasa%20cosplay.zip
222	TIKTOK	MLBB X TIKTOK V2	https://github.com/bangzvl/Data-ML-X-TIKTOK/blob/b13beb972c598e4426c6f91bb980fd168fe032c2/MLBB%20X%20TIKTOK%20V2.zip
330	TIKTOK	🔥ML X ZEE JKT48 [NGE ZEE DULU GAK SIH] DI PANTAI	https://github.com/bangzvl/Data-ML-X-TIKTOK/blob/b92eafa195a7bdceeb809127f5bb44e3ec5de928/ML%20X%20ZEE%20JKT%2048.zip
357	TIKTOK	🔥ASHEL JKT48 MUACH MUACH	https://github.com/bangzvl/Data-ML-X-TIKTOK/blob/b9db1cdb2cc64c4b88e067d8679d4b4b1af86700/ASHEL%20JKT48.zip
348	TIKTOK	🔥DOUYIN KE BROMO VIRAL CUY	https://github.com/bangzvl/Data-ML-X-TIKTOK/blob/bb0b844c314008c7d5f3b14e11cfe5e0470c553b/MLBB%20X%20DOUJIN%20BROMO.zip
477	TIKTOK	🔥BOCIL EUNBI	https://github.com/bangzvl/Data-ML-X-TIKTOK/blob/bc0d870a4870d003343a6e3e903e094cfd61f620/BOCIL%20EUNBI.zip
436	TIKTOK	🔥PESONA MAYORET CANTIK BET	https://github.com/bangzvl/Data-ML-X-TIKTOK/blob/bd8152b9d1886814cdc9624407e6a51a3235f987/PESONA%20MAYORET%20CANTIK.zip
382	TIKTOK	🔥GAK BAHAYA TA PRABOWO GIBRAN	https://github.com/bangzvl/Data-ML-X-TIKTOK/blob/bdbc0946c75de088232287d3f52e6312c35385ed/PRABOWO%20GIBRAN.zip
441	TIKTOK	🔥MSBREEWC SIAPA SI INI YANG REQUST	https://github.com/bangzvl/Data-ML-X-TIKTOK/blob/bfd9f5a863986615756044a68b749bc53afd1711/MSBREEWC.zip
399	TIKTOK	🔥ADINDAKSA APA ITU FATHUL IZHAR	https://github.com/bangzvl/Data-ML-X-TIKTOK/blob/c1ba4202cd37a267802ed5a0a93c323738c2085e/ADINDAKSA%20X%20MLBB.zip
336	TIKTOK	🔥RENYAH BNGT SUARANYA - MLBB X JDM MAZDA RX7	https://github.com/bangzvl/Data-ML-X-TIKTOK/blob/c1bd70a0b891f465ea1a39cb4bd7a67e89920d4e/MLBB%20X%20JDM%20MAZDA%20RX7.zip
349	TIKTOK	🔥MARSHAJKT48 X TIKTOK	https://github.com/bangzvl/Data-ML-X-TIKTOK/blob/c4c1cce7e72fe31c6e5f8f338cb48496c702dcbf/MARSHA%20JKT48%20X%20TIKTOK.zip
315	TIKTOK	🔥LEBARAN VERSI ML MOHON MAAF LAHIR BATIN	https://github.com/bangzvl/Data-ML-X-TIKTOK/blob/c6a416c6008e9f51f92a521e0374aa80b593b96a/ML%20X%20LEBARAN%20VERSI%20ML.zip
410	TIKTOK	🔥SUARANYA BIKIN CANDU DIBO VIRAL	https://github.com/bangzvl/Data-ML-X-TIKTOK/blob/d198b8769c457d0097b46fb8ea03db70c9798d5a/DIBO%20VERSI%20SUARA.zip
420	TIKTOK	🔥TADI OM POTONG SAYA Bikin Candu	https://github.com/bangzvl/Data-ML-X-TIKTOK/blob/d33ce9764775bafb73393452f6fbab2f32b3374a/TADI%20OM%20POTONG%20SAYA.zip
479	TIKTOK	🔥CHEZZ VIRAL TIKTOK	https://github.com/bangzvl/Data-ML-X-TIKTOK/blob/d550e202e9bbf2112e6c49503a410914203188a6/CHEZZ.zip
488	TIKTOK	🔥BU GURU SISSALSA Viral CUKUP TAU AJ	https://github.com/bangzvl/Data-ML-X-TIKTOK/blob/d83e2948f2fabdc5fd497889bd7daad4ec2e0142/SISSALSAA%20CUKUP%20TAU%20AJA.zip
65	TIKTOK	INI ADALAH AKU RAJA MEKSIKO VERSI HIJAB	https://github.com/bangzvl/Data-ML-X-TIKTOK/blob/dc725b300f94f13ec709862a7c53dbdd89fa0a3b/ini%20adlaah%20aku%20araja%20meksiko%20versi%20hijab.zip
366	TIKTOK	🔥RANNALHADDAR X MLBB BARU TAU SAYA ..	https://github.com/bangzvl/Data-ML-X-TIKTOK/blob/e3b0e40d8f03b60c6b49f1888bd05ee189e840f5/RANALHADDAR%20X%20MLBB.zip
324	TIKTOK	🔥VIRAL REBECCA KLOPPER X MLBB OW YANG INI YA	https://github.com/bangzvl/Data-ML-X-TIKTOK/blob/e9a3f00e964856d461ecccf1a74008e6d5ce18a9/REBECCA%20KLOPPER%20X%20MLBB.zip
305	TIKTOK	🔥HOT BABY METAL X MLBB TIKTOK	https://github.com/bangzvl/Data-ML-X-TIKTOK/blob/eaa3c33c84fd8bcb371bb862ec5faab7eb32520f/ML%20BABY%20METAL.zip
501	TIKTOK	SIMETRIS VIRAL SEKARANG!!!	https://github.com/bangzvl/Data-ML-X-TIKTOK/blob/ec3091b3566c1acb269e892ffd1ee2552323c24d/SIMETRIS%20VIRAL%20TIKTOK.zip
317	TIKTOK	🔥AI COSPLAY BUKAN SEMBARANG COSPLAY	https://github.com/bangzvl/Data-ML-X-TIKTOK/blob/edeffb64ecc54632056e86fd5b0029b0f6ca1e70/AI%20COSPLAY%20Bukan%20sembarang%20cosplay.zip
404	TIKTOK	🔥FIRDA ALEXA X MLBB MENGHAYATI BNGT	https://github.com/bangzvl/Data-ML-X-TIKTOK/blob/f961fa932d0f45602e6ca7db9b3fb84f0db6c0b9/FIRDA%20ALEXA%20X%20MLBB.zip
360	TIKTOK	☂️KOBO X TOKPED MASIH TERNGIANG NGIANG GW	https://github.com/bangzvl/Data-ML-X-TIKTOK/blob/fd6483a76f71791e84b15a241a429e085496b1ff/KOBO%20X%20TOKPED.zip
397	TIKTOK	🔥CHINESE KOSPLAY DUH KUCING SIAPA INI	https://github.com/bangzvl/Data-ML-X-TIKTOK/blob/fd913008171348f4c673faef22e0a8f53eef8e5b/CHINESE%20COSPLAYER.zip
346	HD_4K	⚡SHIGURE UI X MLBB LUCU BANGET SIH	https://github.com/bangzvl/Data-MLBB-X-4K-HD/blob/1dd432066916ecb11aa430e98204d368859b8c9e/SHIGURE%20UI%20X%20MLBB.zip
329	HD_4K	🔥 MLBB X TRANSFORMERS RISE OF THE BEASTS V2	https://github.com/bangzvl/Data-MLBB-X-4K-HD/blob/3742805009809668cbd80319a59c0e8a1722500e/MLBB%20X%20TRANSFORMERS%20RISE%20OF%20THE%20BEASTS%20V2.zip
390	HD_4K	🔥PYRAMIDGAME X MLBB	https://github.com/bangzvl/Data-MLBB-X-4K-HD/blob/4e8f3e69024d8b8ed45fb0fc881ae4781389fb06/PYRAMIDGAME.zip
417	HD_4K	🔥KOBO X MARINE	https://github.com/bangzvl/Data-MLBB-X-4K-HD/blob/5fe2f301f00ddf4ac47cd3274a81001c3b02a8fb/KOBO%20X%20MARINE.zip
398	HD_4K	🔥GODZILLA X KONG	https://github.com/bangzvl/Data-MLBB-X-4K-HD/blob/873022d03b4ac12c0afc3e96fabd5e926d8dbc61/GODZILA%20X%20KONG.zip
328	HD_4K	🔥ML X TRANSFORMERS RISE OF THE BEASTS	https://github.com/bangzvl/Data-MLBB-X-4K-HD/blob/9f7b3f799624e37dc7a5209bd3491c6f1db7631e/MLBB%20X%20TRANSFORMERS%20RISE%20OF%20THE%20BEASTSS.zip
148	HD_4K	MLBB X KOBO KANAERU	https://github.com/bangzvl/Data-MLBB-X-4K-HD/blob/9fc88f4d80ff721f87e2c2d6d64da23246dff88c/KOBO%20X%20MLBB.zip
176	HD_4K	ALL SPIDERMAN X MLBB	https://github.com/bangzvl/Data-MLBB-X-4K-HD/blob/9fc88f4d80ff721f87e2c2d6d64da23246dff88c/all%20spiderman%20x%20mlbb.zip
146	ANIME	ML X JAPANESE GOBLIN	https://github.com/bangzvl/Data-MLBB-X-4K-HD/blob/9fc88f4d80ff721f87e2c2d6d64da23246dff88c/japaese%20goblin.zip
239	HD_4K	MLBB X SPIDERMAN NO WAY HOME	https://github.com/bangzvl/Data-MLBB-X-4K-HD/blob/9fc88f4d80ff721f87e2c2d6d64da23246dff88c/ml%20x%20spiderman%20no%20way%20home.zip
380	SPORT	🔥EVOS YUPI YANG LAIN LEWAT CUYYY	https://github.com/bangzvl/Data-MLBB-X-E-SPORT/blob/37effa05be66e8cfe9ba954bb0c3a6c3b86d7705/EVOS%20YUPI.zip
396	SPORT	🔥RRQ BIBI DUH NO COUNTER	https://github.com/bangzvl/Data-MLBB-X-E-SPORT/blob/4ad7a5ee997752086aefb24505091978c468fb8d/BIBI%20KOREA%20RRQ.zip
321	SPORT	🔥 DIBO X MLBB DIBIKIN PENASARAN AMA SI DIA	https://github.com/bangzvl/Data-MLBB-X-E-SPORT/blob/526b71b2152b0525a15d9c5cc2f0d2d2d8b6321a/MLBB%20X%20DIBO.zip
379	SPORT	🔥CLAUSIE EVOS SI TALENT WIBU	https://github.com/bangzvl/Data-MLBB-X-E-SPORT/blob/5692cce2b69c8ee94f412b9918ae3b6dfc879516/EVOS%20CLOUSIE.zip
40	SPORT	MLBB X RRQ HOSHI	https://github.com/bangzvl/Data-MLBB-X-E-SPORT/blob/5b73279d8dfebfaa3e8c49dffcbe882f294c6144/MLBB%20X%20RRQ%20HOSHI.zip
43	SPORT	MLBB X BTR ALPHA	https://github.com/bangzvl/Data-MLBB-X-E-SPORT/blob/5b73279d8dfebfaa3e8c49dffcbe882f294c6144/ml%20x%20btr.zip
45	SPORT	MLB X GEEK FAM	https://github.com/bangzvl/Data-MLBB-X-E-SPORT/blob/5b73279d8dfebfaa3e8c49dffcbe882f294c6144/ml%20x%20geekfam.zip
41	SPORT	MLBB X ALTER EGO	https://github.com/bangzvl/Data-MLBB-X-E-SPORT/blob/5b73279d8dfebfaa3e8c49dffcbe882f294c6144/mlbb%20x%20alter%20ego.zip
42	SPORT	MLBB X AURA FIRE	https://github.com/bangzvl/Data-MLBB-X-E-SPORT/blob/5b73279d8dfebfaa3e8c49dffcbe882f294c6144/mlbb%20x%20aura.zip
173	SPORT	MLBB X CEWEK E-SPORT	https://github.com/bangzvl/Data-MLBB-X-E-SPORT/blob/5b73279d8dfebfaa3e8c49dffcbe882f294c6144/mlbb%20x%20cewek%20esport.zip
44	SPORT	MLBB X EVOS LEGENDS	https://github.com/bangzvl/Data-MLBB-X-E-SPORT/blob/5b73279d8dfebfaa3e8c49dffcbe882f294c6144/mlbb%20x%20evos%20legends.zip
69	SPORT	MLBB X RRQ HOSHI M3	https://github.com/bangzvl/Data-MLBB-X-E-SPORT/blob/5b73279d8dfebfaa3e8c49dffcbe882f294c6144/rrq%20x%20m3.zip
405	SPORT	🔥RRQ TALIA DIGICELL POENYA NIH	https://github.com/bangzvl/Data-MLBB-X-E-SPORT/blob/83a3c7af40557c356fc7d5561d4b3420fdd8d108/RRQ%20TALIA.zip
313	SPORT	🔥EVOS DONKEY MENGKECE	https://github.com/bangzvl/Data-MLBB-X-E-SPORT/blob/943f50e9ad64897d85bf2cbea734590054ef8b5e/EVOS%20DONKEY.zip
378	SPORT	🔥NADINE ABIGAIL FULL HD CHINDO LOKAL	https://github.com/bangzvl/Data-MLBB-X-E-SPORT/blob/a4e3b332179b02d1daf5115d37d1ce5cfa3dee77/NADINE%20X%20BTR.zip
381	SPORT	🔥EVOS ALYSSA BOSKU	https://github.com/bangzvl/Data-MLBB-X-E-SPORT/blob/aae0bb0153846fa8497f3a4dbdb0cc9cc2f5a663/EVOS%20ALYSSA.zip
421	SPORT	🔥FAKER X MLBB	https://github.com/bangzvl/Data-MLBB-X-E-SPORT/blob/b09d38a440aec2211241b55904cb2bfcd5f2b8c8/FAKER%20X%20MLBB.zip
300	TIKTOK	🔥TREND TIKTOK VONZY X SHERYL	https://github.com/bangzvl/Data-MLBB-X-E-SPORT/blob/c677b393849cc151dfdc5cea9a2f85fb1cc732ac/VONZY%20X%20SHERYL.zip
322	SPORT	🔥TIUMAH X MLBB WAH SAINGAN BARU NIH	https://github.com/bangzvl/Data-MLBB-X-E-SPORT/blob/dd5b140840b8597131c704d3a8315179831406a5/TIUMAH%20X%20MLBB.zip
323	SPORT	🔥 KECANDUAN SUARA DIBO AWKAKWAK	https://github.com/bangzvl/Data-MLBB-X-E-SPORT/blob/e80867c37dfa4a7d517a953444c3ee9d65708906/Suara%20DIBO%20CANDU%20BET%20YA.zip
364	GAME	🔥RAIDEN SHOGUN RYOIKI TENKAI	https://github.com/bangzvl/Data-MLBB-X-GAME/blob/37174c6ac3779535e2e6c81329133f18f4c456ef/RAIDEN%20SHOGUN%20X%20MLBB.zip
374	GAME	🔥MLBB X AOT TITAN PAKAI KOLOR	https://github.com/bangzvl/Data-MLBB-X-GAME/blob/74d491258f216575160e388c2a870183c438dd79/MLBB%20X%20AOT%20PAKAI%20KOLOR.zip
246	HERO	MLBB X M-WORD	https://github.com/bangzvl/Data-MLBB-X-GAME/blob/7616b4bed72dfa30fb41460ebbc58c66d67b873e/MLBB%20X%20M-WORD.zip
242	ANIME	MLBB X ASPIRANTS X ATTACK ON TITAN	https://github.com/bangzvl/Data-MLBB-X-GAME/blob/cb598a199122ca7384f318f8eb5095e4f5e76fba/ASPIRANT%20OP%20ATTACK%20ON%20TITAN.zip
39	GAME	LOADING ML DANCING ZERO TWO	https://github.com/bangzvl/Data-MLBB-X-GAME/blob/cb598a199122ca7384f318f8eb5095e4f5e76fba/DANCING%20ZERO.zip
247	GAME	INTRO ML NGAB NGAB	https://github.com/bangzvl/Data-MLBB-X-GAME/blob/cb598a199122ca7384f318f8eb5095e4f5e76fba/ML%20NGAB%20NGAB.zip
166	GAME	MLBB X ARKNIGHTS	https://github.com/bangzvl/Data-MLBB-X-GAME/blob/cb598a199122ca7384f318f8eb5095e4f5e76fba/ML%20X%20ARKNIGHT.zip
184	GAME	MLBB X GENSHIN IMPACT	https://github.com/bangzvl/Data-MLBB-X-GAME/blob/cb598a199122ca7384f318f8eb5095e4f5e76fba/ML%20X%20GENSHIN%20IMPACT.zip
186	GAME	MLBB X GENSHIN IMPACT SLOWMO	https://github.com/bangzvl/Data-MLBB-X-GAME/blob/cb598a199122ca7384f318f8eb5095e4f5e76fba/ML%20X%20GENSHIN%20SLOWMO.zip
252	GAME	ML X NYA ARIGATOU	https://github.com/bangzvl/Data-MLBB-X-GAME/blob/cb598a199122ca7384f318f8eb5095e4f5e76fba/ML%20X%20NYA%20ARIGATOU.zip
253	SPORT	MLBB X ONIC E-SPORT	https://github.com/bangzvl/Data-MLBB-X-GAME/blob/cb598a199122ca7384f318f8eb5095e4f5e76fba/ML%20X%20ONIC%20ESPORT.zip
140	GAME	MLBB X ASSASSINS	https://github.com/bangzvl/Data-MLBB-X-GAME/blob/cb598a199122ca7384f318f8eb5095e4f5e76fba/MLBB%20X%20ASASSINS.zip
170	GAME	MLBB X BLUE ARCHIVE	https://github.com/bangzvl/Data-MLBB-X-GAME/blob/cb598a199122ca7384f318f8eb5095e4f5e76fba/MLBB%20X%20BLUE%20ARCHIVE.zip
142	GAME	MLBB X COC GOBLIN	https://github.com/bangzvl/Data-MLBB-X-GAME/blob/cb598a199122ca7384f318f8eb5095e4f5e76fba/MLBB%20X%20COC.zip
257	GAME	MLBB X IMMORTAL HERO M2	https://github.com/bangzvl/Data-MLBB-X-GAME/blob/cb598a199122ca7384f318f8eb5095e4f5e76fba/MLBB%20X%20IMMORTAL.zip
26	HERO	FANNY LIVE BACKGROUND MLBB	https://github.com/bangzvl/Data-MLBB-X-GAME/blob/cb598a199122ca7384f318f8eb5095e4f5e76fba/MLBB%20X%20LIVE%20FANNY.zip
115	GAME	MLBB X MAGE	https://github.com/bangzvl/Data-MLBB-X-GAME/blob/cb598a199122ca7384f318f8eb5095e4f5e76fba/MLBB%20X%20MAGE.zip
152	GAME	MLBB X MARKSMAN	https://github.com/bangzvl/Data-MLBB-X-GAME/blob/cb598a199122ca7384f318f8eb5095e4f5e76fba/MLBB%20X%20MARKSMAN.zip
162	GAME	ML X PUBG NEW STATE	https://github.com/bangzvl/Data-MLBB-X-GAME/blob/cb598a199122ca7384f318f8eb5095e4f5e76fba/MLBB%20X%20PUBG%20NEW%20STATE.zip
154	GAME	ML X RESIDEN EVIL REMAKE	https://github.com/bangzvl/Data-MLBB-X-GAME/blob/cb598a199122ca7384f318f8eb5095e4f5e76fba/MLBB%20X%20RESIDEN%20EVIL.zip
160	GAME	MLBB X YELAN GENSHIN IMPACT	https://github.com/bangzvl/Data-MLBB-X-GAME/blob/cb598a199122ca7384f318f8eb5095e4f5e76fba/MLBB%20X%20YELAN.zip
97	HERO	MLBB MY TEAM	https://github.com/bangzvl/Data-MLBB-X-GAME/blob/cb598a199122ca7384f318f8eb5095e4f5e76fba/MY%20TEAM.zip
290	GAME	XIAO X MLBB GENSHIN IMPACT GREEN	https://github.com/bangzvl/Data-MLBB-X-GAME/blob/cb598a199122ca7384f318f8eb5095e4f5e76fba/XIAO%20Genshin%20Impact%20NEW.zip
240	GAME	INTRO LOGO MYTHIC	https://github.com/bangzvl/Data-MLBB-X-GAME/blob/cb598a199122ca7384f318f8eb5095e4f5e76fba/animasi%20mythic.zip
243	GAME	MLBB X AYAKA GENSHIN IMPACT	https://github.com/bangzvl/Data-MLBB-X-GAME/blob/cb598a199122ca7384f318f8eb5095e4f5e76fba/ayaka%20x%20ml.zip
178	GAME	MLBB X D4DJ GENSHIN IMPACT	https://github.com/bangzvl/Data-MLBB-X-GAME/blob/cb598a199122ca7384f318f8eb5095e4f5e76fba/d4dj%20x%20mlbb.zip
28	GAME	GENSHIN IMPACT X MLBB VERSION	https://github.com/bangzvl/Data-MLBB-X-GAME/blob/cb598a199122ca7384f318f8eb5095e4f5e76fba/genshin%20impact%20version.zip
32	HERO	LOADING SCREEN ML VERSI HERO MLBB	https://github.com/bangzvl/Data-MLBB-X-GAME/blob/cb598a199122ca7384f318f8eb5095e4f5e76fba/hiro%20mlbb.zip
244	GAME	HU TAO X MLBB GENSHIN IMPACT	https://github.com/bangzvl/Data-MLBB-X-GAME/blob/cb598a199122ca7384f318f8eb5095e4f5e76fba/hu%20tao%20x%20mlbb.zip
245	GAME	INTRO MLBB X TRANSFORMERS	https://github.com/bangzvl/Data-MLBB-X-GAME/blob/cb598a199122ca7384f318f8eb5095e4f5e76fba/intro%20transformer.zip
78	GAME	KAGURA WANGY X MLBB	https://github.com/bangzvl/Data-MLBB-X-GAME/blob/cb598a199122ca7384f318f8eb5095e4f5e76fba/kagura%20wanggy.zip
138	HERO	MLBB X ASPIRANTS	https://github.com/bangzvl/Data-MLBB-X-GAME/blob/cb598a199122ca7384f318f8eb5095e4f5e76fba/ml%20x%20aspirant.zip
123	GAME	MLBB X ARCANE	https://github.com/bangzvl/Data-MLBB-X-GAME/blob/cb598a199122ca7384f318f8eb5095e4f5e76fba/mlbb%20x%20archane.zip
53	HERO	MLBB X FIGHTER SLOWMO	https://github.com/bangzvl/Data-MLBB-X-GAME/blob/cb598a199122ca7384f318f8eb5095e4f5e76fba/mlbb%20x%20fighter.zip
254	GAME	MLBB X GIRL FORTLINE	https://github.com/bangzvl/Data-MLBB-X-GAME/blob/cb598a199122ca7384f318f8eb5095e4f5e76fba/mlbb%20x%20girl%20frontline.zip
30	HERO	LOADING ML GRANGER STARFALL KNIGH	https://github.com/bangzvl/Data-MLBB-X-GAME/blob/cb598a199122ca7384f318f8eb5095e4f5e76fba/mlbb%20x%20granger.zip
255	HERO	MLBB X HAYABUSA	https://github.com/bangzvl/Data-MLBB-X-GAME/blob/cb598a199122ca7384f318f8eb5095e4f5e76fba/mlbb%20x%20hayabusa.zip
258	GAME	MLBB X JAWHEAD	https://github.com/bangzvl/Data-MLBB-X-GAME/blob/cb598a199122ca7384f318f8eb5095e4f5e76fba/mlbb%20x%20jawhead.zip
259	HERO	MLBB X KAGURA MUNGKINKAH DIRI INI	https://github.com/bangzvl/Data-MLBB-X-GAME/blob/cb598a199122ca7384f318f8eb5095e4f5e76fba/mlbb%20x%20kagura.zip
124	GAME	MLBB X KOF	https://github.com/bangzvl/Data-MLBB-X-GAME/blob/cb598a199122ca7384f318f8eb5095e4f5e76fba/mlbb%20x%20kof.zip
155	HERO	MLBB X SANRIO	https://github.com/bangzvl/Data-MLBB-X-GAME/blob/cb598a199122ca7384f318f8eb5095e4f5e76fba/mlbb%20x%20sanrio.zip
260	HERO	MLBB X SELENA S.T.U.N	https://github.com/bangzvl/Data-MLBB-X-GAME/blob/cb598a199122ca7384f318f8eb5095e4f5e76fba/mlbb%20x%20selena%20stun.zip
157	ANIME	MLBB X SWORD ART ONLINE X AOV	https://github.com/bangzvl/Data-MLBB-X-GAME/blob/cb598a199122ca7384f318f8eb5095e4f5e76fba/mlbb%20x%20sword%20art%20online.zip
158	HERO	MLBB X TANK	https://github.com/bangzvl/Data-MLBB-X-GAME/blob/cb598a199122ca7384f318f8eb5095e4f5e76fba/mlbb%20x%20tank.zip
261	GAME	MLBB X TRANSFORMERS	https://github.com/bangzvl/Data-MLBB-X-GAME/blob/cb598a199122ca7384f318f8eb5095e4f5e76fba/mlbb%20x%20tranformer.zip
262	GAME	MLBB X YANFEI GENSHIN IMPACT	https://github.com/bangzvl/Data-MLBB-X-GAME/blob/cb598a199122ca7384f318f8eb5095e4f5e76fba/mlbb%20x%20yanfei.zip
263	HERO	MLBB X NATAN RESPUTIN	https://github.com/bangzvl/Data-MLBB-X-GAME/blob/cb598a199122ca7384f318f8eb5095e4f5e76fba/natan%20reasputin.zip
265	HERO	PLEASE PICK A HERO FANNY	https://github.com/bangzvl/Data-MLBB-X-GAME/blob/cb598a199122ca7384f318f8eb5095e4f5e76fba/please%20pick%20a%20hero%20Fany.zip
264	HERO	PLEASE PICK A HERO ALDOUS	https://github.com/bangzvl/Data-MLBB-X-GAME/blob/cb598a199122ca7384f318f8eb5095e4f5e76fba/please%20pick%20a%20hero%20aldous.zip
266	HERO	PLEASE PICK A HERO MOSKOV	https://github.com/bangzvl/Data-MLBB-X-GAME/blob/cb598a199122ca7384f318f8eb5095e4f5e76fba/please%20pick%20a%20hero%20moskov.zip
267	HERO	PLEASE PICK A HERO YU ZHONG	https://github.com/bangzvl/Data-MLBB-X-GAME/blob/cb598a199122ca7384f318f8eb5095e4f5e76fba/please%20pick%20a%20hero%20yu%20zhong.zip
14	GAME	PLEASE PICK A HERO LANCELOT	https://github.com/bangzvl/Data-MLBB-X-GAME/blob/cb598a199122ca7384f318f8eb5095e4f5e76fba/please%20pict%20a%20hero%20lancelot.zip
185	GAME	MLBB X GENSHIN IMPACT RAIDEN SHOGUN	https://github.com/bangzvl/Data-MLBB-X-GAME/blob/cb598a199122ca7384f318f8eb5095e4f5e76fba/raiden%20shogun%20x%20mlbb.zip
268	HERO	MLBB X SKIN LEGENDS	https://github.com/bangzvl/Data-MLBB-X-GAME/blob/cb598a199122ca7384f318f8eb5095e4f5e76fba/skin%20legends.zip
301	GAME	INTRO ORI MLBB	https://github.com/bangzvl/Intro-Tools-ML/blob/b577b0a5557a50bae77621c04a2fd578d0f693ab/INTRO%20ORI%20MLBB.zip
281	HERO	MLBB X BEATRIX ALL SKIN M4	https://github.com/bangzvl/MLBB-X-HERO/blob/ea750cb92daa1e1f6f0dc8b537383c17b0eea18d/MLBB%20X%20BEATRIX%20ALL%20SKIN%20(1).zip
439	TIKTOK	 🔥KAYA ADA YANG ANEH GA SIH	https://github.com/bangzvl/MLBB-X-TIKTOK/blob/488e47b4163102ee1042484cd5432a927efb9e41/KAYA%20ADA%20YANG%20ANEH.zip
422	TIKTOK	🔥LALALISA Baru JOin Tiktok	https://github.com/bangzvl/MLBB-X-TIKTOK/blob/5ab457da1784f899c5ed005e63f9b9b910c73f55/LALISA%20X%20MLBB.zip
497	TIKTOK	Background Versi Itss_anggi viral	https://github.com/bangzvl/MLBB-X-TIKTOK/blob/5d96e89de615d2d16094d6c4efd995e87717b2f6/ITTS%20ANGGI%20BACK.zip
499	TIKTOK	SAYLVIEE Style mantep sih ini	https://github.com/bangzvl/MLBB-X-TIKTOK/blob/6795ec9214d82fe8fc2a3830b500b25458c915f5/MLBB%20X%20SAYLVIEE.zip
437	TIKTOK	🔥KARINA BODY GLOSS WOW	https://github.com/bangzvl/MLBB-X-TIKTOK/blob/a62ca4f8946cadde4c867987287a41a4eebfbf97/KARINA%20BODY%20GLOSS.zip
418	TIKTOK	🔥KATHRIN JKT48 TELAT TREND	https://github.com/bangzvl/MLBB-X-TIKTOK/blob/f171979b6a6f15bc491d0e754211dcb754c5c899/ML%20X%20KATHRIN.zip
438	TIKTOK	🔥DUO APA NI GESS jan bilang login terus gara gara ini	https://github.com/bangzvl/MLBB-X-TIKTOK/blob/fb5be0c0dc366caa7a654a44858a4e3abe14ba1b/DUO%20APA%20NI.zip
16	ANIME	MLBB X AOT	https://www.mediafire.com/file/2qxzzvmg2orcwzn/ML_X_AOT.zip/file
147	TIKTOK	MLBB X KOBO KANAERU	https://www.mediafire.com/file/5bs3uhojbgv6ps0/MLBB_X_KOBO.zip/file
256	GAME	ML X HONKAI IMPACT	https://www.mediafire.com/file/6erwz2e1xq8ivq3/MLBBXH%257E1.ZIP/file
102	ANIME	LOADING ML X SIESTA FULL SCREEN	https://www.mediafire.com/file/8ck3qa1vgw63te1/Loading_ML_x_Siesta_Full_Screen%25F0%259F%2594%25A5.zip/file
